지점,일시,평균기온(°C),최저기온(°C),최저기온 시각(hhmi),최고기온(°C),최고기온 시각(hhmi),강수 계속시간(hr),10분 최다 강수량(mm),10분 최다강수량 시각(hhmi),1시간 최다강수량(mm),1시간 최다 강수량 시각(hhmi),일강수량(mm),최대 순간 풍속(m/s),최대 순간 풍속 풍향(16방위),최대 순간풍속 시각(hhmi),최대 풍속(m/s),최대 풍속 풍향(16방위),최대 풍속 시각(hhmi),평균 풍속(m/s),풍정합(100m),평균 이슬점온도(°C),최소 상대습도(%),최소 상대습도 시각(hhmi),평균 상대습도(%),평균 증기압(hPa),평균 현지기압(hPa),최고 해면기압(hPa),최고 해면기압 시각(hhmi),최저 해면기압(hPa),최저 해면기압 시각(hhmi),평균 해면기압(hPa),가조시간(hr),합계 일조시간(hr),1시간 최다일사 시각(hhmi),1시간 최다일사량(MJ/m2),합계 일사량(MJ/m2),일 최심신적설(cm),일 최심신적설 시각(hhmi),일 최심적설(cm),일 최심적설 시각(hhmi),합계 3시간 신적설(cm),평균 전운량(1/10),평균 중하층운량(1/10),평균 지면온도(°C),최저 초상온도(°C),평균 5cm 지중온도(°C),평균 10cm 지중온도(°C),평균 20cm 지중온도(°C),평균 30cm 지중온도(°C),0.5m 지중온도(°C),1.0m 지중온도(°C),1.5m 지중온도(°C),3.0m 지중온도(°C),5.0m 지중온도(°C),합계 대형증발량(mm),합계 소형증발량(mm),9-9강수(mm),안개 계속시간(hr)
119,2020.1.1,-2.2,-6.3,36,0.3,1535,2.42,,,,,0,5,160,37,2.9,160,44,1.2,1074,-5.3,62,323,79.3,4.2,1027.5,1034.3,1,1031.6,1405,1032.6,9.7,0,1300,0.75,3.27,,,,,,8.8,8.8,-1.5,-7.5,,,,,,,,,,0.4,0.5,,
119,2020.1.2,1.3,-0.3,101,3.2,1556,,,,,,,4.8,290,2359,1.9,180,1214,0.7,612,-1.2,75,1137,83.3,5.6,1024.9,1031.6,1,1028.7,1808,1030,9.7,0,1000,0.46,2.14,,,,,,8.3,8.3,-0.2,-4.7,,,,,,,,,,0.4,0.5,,
119,2020.1.3,-0.1,-3.9,757,5.2,1459,,,,,,,5.5,250,1409,3.5,230,1409,1.3,1165,-3.3,50,1515,80.5,4.8,1022.6,1029.4,949,1026,1430,1027.7,9.7,8.9,1200,1.59,9.92,,,,,,0.6,0,-0.4,-9.5,,,,,,,,,,0.9,1.3,,
119,2020.1.4,1.3,-4.9,433,7.6,1459,,,,,,,6.2,320,1345,3.9,290,1410,1.3,1129,-2.8,43,1610,76.1,5,1021.5,1028.6,2206,1024.6,1425,1026.6,9.7,7.4,1200,1.66,8.58,,,,,,2.5,1.8,0.1,-9.7,,,,,,,,,,1.1,1.6,,
119,2020.1.5,0.1,-5.9,749,6.3,1435,,,,,,,3.1,110,1353,1.8,140,1353,0.9,739,-4.7,41,1551,72.4,4.3,1025.8,1032.9,936,1028.4,1,1030.9,9.7,6.6,1200,1.76,9.22,,,,,,4.6,0,-0.4,-11.2,,,,,,,,,,1,1.4,0,
119,2020.1.6,3.5,-1.8,21,4.9,2357,15.17,,,,,3.9,6.6,90,1847,3.9,90,1519,2.1,1827,0.3,59,344,80.8,6.4,1021,1030.4,1,1020.4,2358,1026,9.7,0,1000,0.4,1.82,,,,,,9.9,8.4,1.2,-4.7,,,,,,,,,,0.4,0.6,25.8,
119,2020.1.7,7.7,4.9,1,12.2,2310,23.17,,,,,50.8,9.6,200,2358,5.6,200,2400,2,1717,7.6,100,1,100,10.5,1004.8,1020.4,1,998.1,2345,1009.7,9.7,0,1100,0.14,0.41,,,,,,10,8.6,5.4,4.3,,,,,,,,,,0.2,0.3,33.3,
119,2020.1.8,2.9,0.1,2347,11.7,1,10.02,,,,,4.4,15.5,230,47,9.4,250,54,4.1,3556,2.1,80,2253,94.9,7.2,1010.1,1023.8,2331,998,14,1015.1,9.8,0,1300,0.58,2.58,,,,,,9.9,7.6,4.1,-0.8,,,,,,,,,,0.4,0.6,0,
119,2020.1.9,-0.3,-3.1,2352,3.1,1445,,,,,,,6.8,270,1624,4.4,270,1629,2.1,1787,-3.1,60,1423,81.8,4.8,1019.6,1026.2,2211,1023,1405,1024.7,9.8,8.3,1200,1.78,9.08,,,,,,2.1,2.1,1.5,-9,,,,,,,,,,0.9,1.3,,
119,2020.1.10,-0.7,-4.6,404,4.5,1545,,,,,,,4.9,250,1453,3.4,250,1450,1,887,-3,57,1547,85.4,4.9,1019.1,1026.7,949,1022.6,1415,1024.2,9.8,8.1,1100,1.95,10.18,,,,,,2,0,0.8,-9.6,,,,,,,,,,1,1.5,,
119,2020.1.11,-0.2,-3.8,443,4.5,1348,,,,,,,7,250,1529,4.1,250,1530,1.4,1229,-2.6,60,1549,84.6,5.1,1015.6,1023,958,1019,1706,1020.7,9.8,7.9,1100,1.6,9.85,,,,,,4,2,0.6,-8.8,,,,,,,,,,0.9,1.3,,
119,2020.1.12,-0.5,-3.9,739,2.4,1452,,,,,,,8.2,250,1253,5.5,250,1254,1.9,1666,-3.9,61,1125,77.8,4.6,1013.8,1021.1,2318,1017.4,1409,1018.9,9.8,8.3,1300,1.92,10.21,,,,,,5.3,3.3,0.7,-9,,,,,,,,,,0.9,1.3,,
119,2020.1.13,-2,-4.6,2309,0.6,1502,,,,,,,8.3,290,1235,5.1,250,1441,2.1,1813,-6.3,50,1538,73,3.8,1018.6,1026.4,2302,1020.6,104,1023.7,9.8,8.2,1200,1.93,10.88,,,,,,2.8,2.4,-1,-9.5,,,,,,,,,,1,1.4,,
119,2020.1.14,-2,-6.1,436,3.2,1504,,,,,,,6.3,270,1347,3.6,250,1624,1.2,1013,-6.7,44,1445,71.6,3.7,1021.2,1028.2,2320,1024.4,1424,1026.3,9.8,8.6,1200,1.61,9.22,,,,,,1.8,1.8,-1.6,-10.9,,,,,,,,,,1,1.4,,
119,2020.1.15,-2.5,-7,459,2.3,1456,,,,,,,7.3,320,1349,4.3,320,1352,1.6,1365,-7,30,1206,72,3.6,1023.9,1030.3,1046,1027.7,1438,1029,9.9,9.3,1200,1.95,11.63,,,,,,0.3,0.1,-2.1,-13.1,,,,,,,,,,1.1,1.5,,
119,2020.1.16,-2,-6.9,403,4.1,1523,,,,,,,5.5,290,1300,3.6,270,1555,1.5,1279,-6.8,34,1404,73,3.7,1022.5,1029.5,653,1025.6,1505,1027.6,9.9,7.6,1200,1.92,10.47,,,,,,5.6,0,-1.6,-12.5,,,,,,,,,,1.2,1.7,,
119,2020.1.17,-1.1,-5.6,608,4.8,1517,,,,,,,4.7,320,1527,2.9,290,1532,1,859,-5.6,42,1449,74.1,4,1018.7,1025.9,1,1022,1747,1023.8,9.9,7.2,1300,1.69,9.66,,,,,,4.4,0,-1,-10.9,,,,,,,,,,1.1,1.6,,
119,2020.1.18,-0.5,-5.3,741,5.6,1451,,,,,,,6.4,290,1703,3.5,250,1513,1.1,986,-5.3,38,1529,72.8,4.1,1017.1,1023.4,934,1020.6,1604,1022.1,9.9,8.8,1200,1.84,11.2,,,,,,0.8,0,-1,-11.2,,,,,,,,,,1.3,1.8,0,
119,2020.1.19,1.7,-2.1,4,5.9,1301,2.37,,,,,0.4,11.9,270,1338,6.4,270,1347,2,1730,-1.2,67,1233,81,5.6,1014.4,1021.4,17,1017.3,1412,1019.4,10,4.4,1100,1.48,6.3,,,,,,5.6,2.3,0.1,-6,,,,,,,,,,0.7,1,0.4,
119,2020.1.20,1.2,-2.8,2341,5.7,1353,1.97,,,,,0,12,290,1715,6.4,270,1719,2.5,2135,-4.3,34,1213,68.5,4.6,1018.5,1028.9,2356,1020.7,123,1023.6,10,7.4,1200,1.92,9.89,,,,,,3.8,3,0.2,-8,,,,,,,,,,1.3,1.8,0,
119,2020.1.21,-0.7,-5.9,724,5.4,1547,,,,,,,4.3,320,28,2.7,290,28,1,862,-7.6,35,1526,61.4,3.5,1025,1032.6,845,1028.5,1602,1030.1,10,9.3,1300,1.9,11.42,,,,,,3.3,1.5,-1,-11.2,,,,,,,,,,1.2,1.7,,
119,2020.1.22,2.1,-1.3,9,5.1,1622,0.67,,,,,0,6.3,140,1311,4.3,140,1318,1.1,985,-2.5,44,1056,72.4,5.2,1020.7,1029.2,5,1023.1,2342,1025.7,10,0.2,1200,0.65,3.49,,,,,,9.3,5.1,0.3,-4.1,,,,,,,,,,0.6,0.8,0,
119,2020.1.23,4.1,-1.4,750,10.7,1403,,,,,,,6.3,290,1418,4.6,290,1552,1.5,1288,-0.8,45,1313,71.6,5.8,1019.4,1027.4,2330,1022.3,458,1024.4,10.1,8.4,1200,1.86,10.53,,,,,,3.9,0,1.7,-6.3,,,,,,,,,,1.4,2,,
119,2020.1.24,2.4,-2.2,812,9.2,1411,,,,,,,5,230,1437,3.4,290,1610,1.4,1209,0,56,1417,85,6.1,1025.5,1032.1,948,1027.3,1,1030.5,10.1,8.5,1300,1.9,10.92,,,,,,3.1,0,2.1,-7.9,,,,,,,,,,1.3,1.8,,
119,2020.1.25,2.8,-2.2,346,9.1,1507,,,,,,,3.4,90,1049,2.5,230,1630,0.9,803,1.3,70,1541,90.8,6.8,1024.6,1031.4,22,1027.7,1534,1029.7,10.1,2.9,1000,1.37,7.39,,,,,,7.3,1.1,1.7,-6.6,,,,,,,,,,0.8,1.2,,
119,2020.1.26,5.3,-2.7,705,11.9,1438,,,,,,,8.5,90,2209,5.2,90,1529,2,1758,0.5,43,1526,74.3,6.4,1022.1,1029.6,228,1024.7,1516,1027.1,10.2,7.4,1200,1.96,10.91,,,,,,6.5,0,3.3,-7,,,,,,,,,,2.1,2.9,,
119,2020.1.27,5.9,3.5,2020,8.1,1356,9.67,,,,,1.4,9.7,110,1504,5,70,1508,2.8,2418,0.8,55,924,71.5,6.5,1015.9,1025.5,29,1018.3,1435,1020.9,10.2,0,1300,0.36,2.24,,,,,,9.8,5.1,3.2,2.5,,,,,,,,,,0.8,1.1,1.5,
119,2020.1.28,7.4,3.9,8,11,1444,2.17,,,,,0.1,6.6,50,1249,3.4,50,1255,1.7,1451,2,53,1403,70.4,7.1,1013.3,1019.7,1,1017,1545,1018.2,10.2,0.9,1100,1.34,7.21,,,,,,7.9,5.5,5.3,-0.1,,,,,,,,,,1.2,1.7,,
119,2020.1.29,6.2,1,331,11.4,1409,,,,,,,6,90,1050,3.3,90,1057,1.2,1046,0.5,48,1609,68,6.3,1011,1018.9,1,1013.8,1628,1015.9,10.2,6.9,1300,2.18,11.5,,,,,,6.3,3.4,3.9,-3.3,,,,,,,,,,1.6,2.2,,
119,2020.1.30,5.3,0.7,642,10.5,1400,,,,,,,6.3,320,1618,4,290,1638,1.5,1272,0.3,48,1357,71.6,6.3,1010.3,1017.3,2355,1013.5,1412,1015.2,10.3,6.5,1200,2.24,10.05,,,,,,6,5.5,2.8,-4.4,,,,,,,,,,1.3,1.9,,
119,2020.1.31,2.9,-0.5,2321,7.5,1240,,,,,,,7.1,230,1235,4.2,270,1525,1.6,1340,1.2,67,1426,89.5,6.7,1015.2,1023.3,2252,1017.1,16,1020.2,10.3,3.8,1200,1.62,7.23,,,,,,4,4,2.2,-6.6,,,,,,,,,,0.8,1.1,,
119,2020.2.1,1.9,-2.2,611,7.7,1509,,,,,,,8.2,270,1606,4.7,270,1540,1.6,1396,0.4,64,1521,91.3,6.4,1019.6,1026,1049,1022.9,108,1024.7,10.3,4.4,1200,1.35,6.97,,,,,,3.4,3.4,1.8,-7.5,,,,,,,,,,0.8,1.1,,
119,2020.2.2,1,-3.5,639,5.8,1436,0.17,,,,,0,5.9,320,2354,3.4,270,1423,1.2,1064,-2.4,44,1346,79.8,5.1,1021,1027.8,924,1024.5,1640,1026.1,10.4,6.8,1200,1.5,9.17,,,,,,5.4,2.3,1,-9.4,,,,,,,,,,1.1,1.5,0.1,
119,2020.2.3,-0.1,-2.9,2359,3,1417,3.92,,,,,0.1,10,270,1359,5.7,270,1335,2.6,2210,-5.1,46,1437,70.8,4.3,1022.6,1029.5,2322,1025.2,338,1027.7,10.4,9.6,1300,2.11,12.78,0.4,140,0.4,140,0.4,2,2,0.7,-8.6,,,,,,,,,,1.3,1.9,,
119,2020.2.4,-1,-7,654,5.1,1441,5.33,,,,,1.1,8.6,340,2357,5.2,320,2046,2.4,2051,-3.9,51,1354,82,4.7,1021.9,1029.7,823,1023.9,1644,1027,10.4,7.6,1200,2.1,12.02,0.6,2140,0.6,2140,0.6,3.4,2.9,0.1,-12.6,,,,,,,,,,1.2,1.7,1.1,
119,2020.2.5,-7.2,-9.9,750,-2.4,1,,,,,,,11.5,340,8,6.2,320,11,3.4,2932,-14,37,1433,58.9,2.1,1027.2,1035.2,2348,1027.3,1,1032.5,10.5,10.2,1200,2.35,14.76,,,6,1,,0,0,-3.6,-13.6,,,,,,,,,,1.2,1.7,,
119,2020.2.6,-6.3,-11.9,447,0.2,1607,,,,,,,5.9,70,1255,3.3,250,1640,1.2,1076,-12.5,35,1447,63.6,2.4,1029.2,1037,1058,1032.5,2300,1034.5,10.5,9.6,1300,2.27,13.88,,,,,,1.4,0,-3.1,-16.2,,,,,,,,,,1.1,1.6,,
119,2020.2.7,-1.5,-7.9,109,2.8,1504,1.17,,,,,0,7.1,340,1120,4.3,320,1124,1.4,1188,-6,45,1028,72.8,4,1024.8,1032.8,31,1027.8,1731,1029.9,10.5,6.4,1200,1.9,10.41,,,,,,6.8,6.6,-0.7,-12.7,,,,,,,,,,1.1,1.5,0,
119,2020.2.8,0.4,-2.2,2325,4.6,1442,,,,,,,10.3,340,439,5.7,290,1424,2.8,2383,-5.2,43,1459,67.6,4.2,1022.8,1029.2,1004,1026.1,1432,1027.8,10.6,9.8,1200,2.2,13.68,,,,,,2,2,0.4,-7.7,,,,,,,,,,1.5,2.2,,
119,2020.2.9,-0.9,-7,703,3.9,1451,,,,,,,9.2,270,1352,5.3,290,1406,1.6,1420,-4.8,39,1330,76.1,4.3,1021,1029.4,256,1023.1,2033,1026.1,10.6,9.8,1200,2.34,14.45,,,,,,2,1.4,-0.3,-13.1,,,,,,,,,,1.5,2.2,,
119,2020.2.10,3.2,-1.9,727,10.5,1452,,,,,,,6.4,290,1340,4.5,290,1346,1.2,1035,-1.7,39,1403,72.5,5.4,1019.4,1028,2356,1022,352,1024.5,10.6,9.5,1200,2.24,14.11,,,,,,2,2,2.7,-7.9,,,,,,,,,,1.6,2.3,,
119,2020.2.11,5.9,-2.9,415,14.5,1521,,,,,,,5.1,200,1359,3,110,949,1.1,911,-1.4,30,1406,64,5.5,1022.2,1029.4,1121,1024.8,2358,1027.2,10.7,9.7,1200,2.28,14.23,,,,,,2.8,0.6,3.6,-8.7,,,,,,,,,,2.2,3.2,0.3,
119,2020.2.12,7.3,5.3,12,8.4,522,19.67,,,,,10.5,5.2,110,1134,3.6,90,1137,1.3,1087,5.6,54,514,90.4,9.2,1012.2,1025,1,1012.8,1807,1017.1,10.7,0,1200,0.37,1.91,,,,,,9.8,7.9,5.4,2.9,,,,,,,,,,0.4,0.5,10.2,
119,2020.2.13,5.9,3.6,2400,7.6,8,,,,,,,4.4,250,125,2.6,250,133,1.2,998,5.7,92,1733,98.9,9.1,1014.9,1021.9,2134,1015.2,1,1019.8,10.8,0,1200,0.35,2.7,,,,,,8.9,8.6,5.7,-0.4,,,,,,,,,,0.4,0.5,,
119,2020.2.14,6.5,2,712,13.3,1518,,,,,,,4.6,180,1337,2.9,140,1417,1,898,5.3,74,1516,93.8,9,1016.2,1023.2,2358,1019,1635,1021.2,10.8,8.2,1200,2.14,12.84,,,,,,2.5,0,5.9,-3.1,,,,,,,,,,1.5,2.1,,
119,2020.2.15,8.7,3,337,15.3,1334,3.33,,,,,1.7,7.3,250,2024,4.8,90,1113,1.9,1659,5.9,60,1244,85.1,9.4,1013.1,1023.2,1,1012.9,2358,1018,10.8,5,1100,2.05,8.68,,,,,,6.1,4.6,5.7,-2.3,,,,,,,,,,1.2,1.7,8.5,
119,2020.2.16,-1.1,-3.7,2045,5,1,22.75,,,,,8,11.3,270,1627,6.8,270,1633,3.9,3384,-1.4,79,2251,97.8,5.6,1009.2,1016.6,2132,1012.3,445,1014.2,10.9,0.6,1100,0.69,3.9,2.5,2120,2.5,2120,3.1,9.4,7.9,1.6,-5.1,,,,,,,,,,0.4,0.5,1.6,
119,2020.2.17,-4.8,-6.6,2228,-3.1,36,13.33,,,,,0.4,12.1,290,959,6.3,290,658,3.7,3233,-7,71,1357,84.3,3.7,1013.8,1023.7,2319,1016.5,1,1018.9,10.9,7.2,1100,1.69,11.33,2,350,3.7,350,1.8,6,6,-0.5,-11.1,,,,,,,,,,0.8,1.1,0,
119,2020.2.18,-3.6,-7.9,607,1.5,1601,,,,,,,6.9,320,918,4.2,250,1332,1.9,1658,-8.6,47,1308,68.9,3.2,1022.9,1030.3,2219,1023.6,3,1028.1,10.9,10.4,1200,2.57,16.6,,,0.7,1,,0,0,-1.5,-13,,,,,,,,,,1.4,2,,
119,2020.2.19,1.1,-4.7,23,6.3,1554,,,,,,,4.4,110,1112,2.7,110,952,0.9,781,-2.2,55,1219,80,5.3,1025.4,1031.5,1014,1029.3,1640,1030.5,11,1.7,1100,1.65,8.82,,,,,,6.9,6.1,1.1,-8.5,,,,,,,,,,0.9,1.3,,
119,2020.2.20,4.4,-0.5,728,11.6,1456,,,,,,,5.4,250,1425,3.4,290,1611,1.1,951,1.9,52,1358,85.6,7,1028.6,1035.4,1958,1030.9,1,1033.7,11,9.5,1300,2.2,13.92,,,,,,3.3,2.9,3.6,-5.7,,,,,,,,,,1.5,2.2,,
119,2020.2.21,6.5,0.4,31,11.9,1353,3.95,,,,,5.1,8.5,250,2014,4.9,230,2022,1.4,1193,4.4,58,1312,88.5,8.5,1024.6,1035.3,31,1023,2346,1029.6,11,1.4,1200,1.61,7.64,,,,,,9.6,3.6,4.3,-4.5,,,,,,,,,,1,1.5,9.6,
119,2020.2.22,4.4,0.4,2349,8,1155,2.83,,,,,4.5,16,320,1415,8.4,290,1417,4.7,4103,1.6,56,1517,82.8,7,1020.7,1030.6,2332,1022.2,132,1025.7,11.1,7.8,1300,2.15,12.22,,,,,,4.6,4.1,4.2,-4,,,,,,,,,,1.4,2.1,,
119,2020.2.23,2.2,-3.5,728,7.8,1556,,,,,,,7.7,270,1202,4.2,230,1405,1.7,1441,-1.8,45,1258,76.5,5.4,1024.5,1031.8,914,1027.5,1700,1029.6,11.1,10.4,1200,2.6,17.1,,,,,,0,0,2.7,-8.7,,,,,,,,,,1.8,2.5,,
119,2020.2.24,7,-0.7,511,13.7,1459,,,,,,,4.6,200,1222,2.9,200,1225,1.1,932,1.6,46,1515,70.6,6.9,1019.6,1028.1,1,1021.1,2355,1024.5,11.2,9.3,1100,2.24,13.86,,,,,,5.3,1.6,4.8,-5.6,,,,,,,,,,1.6,2.4,11,
119,2020.2.25,6.8,5.6,504,8.3,1840,14.25,,,,,22.6,8,50,1518,4.9,90,1141,2.2,1879,5.6,76,6,92.8,9.1,1012.9,1021.4,3,1014.6,1442,1017.8,11.2,0,1400,0.47,2.33,,,,,,8.4,6.3,5.9,2.9,,,,,,,,,,0.5,0.7,11.6,
119,2020.2.26,5.6,1.1,451,11.4,1425,,,,,,,9.2,270,1732,4.9,250,1655,1.7,1483,3.4,61,1354,87.5,7.8,1018.6,1026.2,2312,1020.3,9,1023.5,11.2,10,1300,2.5,16.15,,,,,,3.4,3.4,5.4,-3.4,,,,,,,,,,1.9,2.8,,
119,2020.2.27,5.5,0.2,607,11.6,1557,,,,,,,5.3,270,1755,3.1,270,1716,1.3,1090,1.9,49,1503,80.4,7,1023,1029.8,941,1026.2,1,1028,11.3,9.9,1200,3.04,17.77,,,,,,4.1,4.1,6.1,-4.5,,,,,,,,,,2.1,3,0,
119,2020.2.28,4.6,2.9,1156,5.7,2014,12.33,,,,,5.2,4,340,1053,2.2,340,1100,1.1,937,3.8,79,814,95,8,1018,1027.2,1,1020,2115,1023,11.3,0,1300,0.56,2.68,,,,,,9.8,8.1,4.8,-2.2,,,,,,,,,,0.4,0.6,5.2,
119,2020.2.29,7,3.3,2351,13,1413,,,,,,,8.8,250,1425,3.7,270,1536,1.4,1173,5.6,66,1410,91.8,9.1,1013.6,1020.1,1,1016.5,1512,1018.5,11.3,6.3,1100,2.46,13.31,,,,,,4.4,4.3,7.9,-2,,,,,,,,,,1.5,2.1,,
119,2020.3.1,4.8,0.4,457,10.2,1238,1.25,,,,,0,6.7,270,1523,4.3,270,1532,1.6,1367,4,81,1241,95.1,8.2,1014.1,1020.4,857,1017,1412,1019.1,11.4,1.7,1200,2,7.23,,,,,,7.8,6.8,5.1,-4.1,,,,,,,,,,1,1.4,0,2.33
119,2020.3.2,3.1,0.6,2358,6.8,1408,0.5,,,,,0,9.8,290,1257,5.9,250,1506,2.8,2420,-0.8,56,1215,76.5,5.8,1019.2,1026.7,2141,1020.2,1,1024.2,11.4,10.3,1300,2.62,17.81,,,,,,2.4,1.3,3.6,-4.6,,,,,,,,,,1.8,2.6,,
119,2020.3.3,4.6,-0.9,539,10.8,1358,,,,,,,7.4,290,1607,4.6,290,1616,2,1734,1.8,63,1233,83.3,7,1019.4,1026.9,207,1021.9,1720,1024.4,11.5,4.8,1000,1.91,11.05,,,,,,7.5,4.4,3.6,-5.8,,,,,,,,,,1.4,2,0.2,
119,2020.3.4,2.5,-0.9,2355,5.3,1302,1.25,,,,,0.2,12.7,270,1505,7.3,270,1526,4.1,3500,-1.3,55,1448,76.8,5.6,1017.9,1025.1,2310,1021.4,1657,1023,11.5,7.8,1200,2.73,15.8,,,,,,5.3,5.3,3.5,-5.7,,,,,,,,,,1.6,2.3,0,
119,2020.3.5,1.1,-2.3,720,5.6,1349,,,,,,,7.8,250,1214,4.5,250,1234,2.3,1974,-3.7,49,1142,71.4,4.7,1020.8,1028.1,954,1024.5,1716,1025.8,11.5,10.9,1300,2.76,19.06,,,,,,0,0,2.4,-7.3,,,,,,,,,,1.9,2.6,,
119,2020.3.6,3.1,-3.8,645,10.4,1556,,,,,,,5.3,250,1531,3.5,290,1716,1.3,1137,-2.8,34,1451,69.6,5,1017.8,1025.7,247,1020,1650,1022.8,11.6,10.6,1300,2.49,18.1,,,,,,3.3,0,3.6,-9.9,,,,,,,,,,2,2.9,,
119,2020.3.7,5.3,-0.8,322,12.9,1426,,,,,,,5.4,290,1641,3.5,290,1648,1.2,1063,0.4,42,1132,73.1,6.3,1013.5,1020.6,1,1016.3,1554,1018.4,11.6,3.5,1300,2.04,11.14,,,,,,5.5,1.6,4.3,-5.4,,,,,,,,,,1.6,2.3,,
119,2020.3.8,7.4,-1.1,636,17.1,1550,,,,,,,6.8,320,1653,3.7,290,1701,1.2,1013,2.1,34,1543,73.6,7.1,1014,1021.4,858,1016.9,1534,1018.9,11.7,10.6,1200,2.7,18.25,,,,,,0.5,0,6,-6,,,,,,,,,,2.4,3.5,,
119,2020.3.9,9.5,1.2,713,16.6,1519,3.5,,,,,0.2,5.3,320,1928,3.1,320,1932,1.2,1070,4.1,43,1245,72.4,8.2,1009.5,1019.1,52,1010.9,1623,1014.3,11.7,5,1200,2.07,10.89,,,,,,7.8,4.5,7.3,-3.6,,,,,,,,,,1.7,2.4,4.2,
119,2020.3.10,6.6,3.9,2351,8.9,9,14,,,,,7.3,9.8,270,1713,5.7,270,1714,2.9,2542,5.3,67,2125,92.1,9,1003.5,1012.2,2354,1005.7,1341,1008.4,11.7,0,1100,0.53,2.21,,,,,,7.5,5.4,5.9,0.3,,,,,,,,,,0.7,1,3.3,
119,2020.3.11,3.5,0.4,705,7.3,1417,,,,,,,10.1,250,1459,6.2,250,1507,3.1,2650,-2.2,43,1125,67.5,5.2,1014.1,1023.2,2357,1012.2,1,1019,11.8,11.3,1200,2.96,20.67,,,,,,0,0,3.2,-4.1,,,,,,,,,,2.3,3.2,,
119,2020.3.12,6.5,-1,543,14.1,1421,,,,,,,9.4,230,1615,6.3,230,1624,2.2,1870,0.3,34,1507,68.6,6.3,1017.1,1023.7,130,1019.2,1447,1022.1,11.8,10.8,1300,2.65,18.54,,,,,,1.5,1.1,4.4,-5.4,,,,,,,,,,2.6,3.7,0.1,
119,2020.3.13,5.4,0.3,2353,9.7,1221,0.67,,,,,0.1,11,250,1535,6.3,250,1453,3.2,2729,-2,30,1212,61.6,5.5,1017.2,1024.6,1003,1020.3,1553,1022.1,11.9,7.9,1200,2.82,16.95,,,,,,5.1,2.6,6,-4.1,,,,,,,,,,2.4,3.5,,
119,2020.3.14,3.9,-2.9,625,8.9,1312,,,,,,,11.6,250,1729,6.4,250,1459,3,2569,-0.8,47,1051,73,6,1011.3,1021.8,26,1012.9,1832,1016.3,11.9,11,1200,2.83,19.62,,,,,,1.5,1.5,4.2,-8.2,,,,,,,,,,2.1,3.1,,
119,2020.3.15,4.5,1,2318,9.4,1124,,,,,,,16.5,290,1426,9.7,290,1408,4.1,3578,-1.6,33,1333,68.3,5.6,1007.5,1018.1,2351,1009.6,1348,1012.5,11.9,8.8,1300,2.75,18.56,,,,,,3.4,2,5.3,-4.1,,,,,,,,,,2.7,3.9,,
119,2020.3.16,3.3,-2.4,627,9.5,1514,,,,,,,8.8,290,1656,5.2,290,1649,2.1,1829,-2.3,37,1427,69.6,5.2,1017.6,1025.1,917,1018.2,1,1022.6,12,11.4,1200,2.94,20.95,,,,,,0.6,0.4,4.7,-8.1,,,,,,,,,,2.4,3.4,,
119,2020.3.17,5.9,1.5,1,12.8,1519,,,,,,,8.5,250,1735,5.2,230,1425,2.1,1829,3.2,65,1619,83.9,7.8,1011.4,1021.5,1,1013.1,1537,1016.3,12,4.7,1500,1.9,8.39,,,,,,4.8,4.8,6.1,-3.2,,,,,,,,,,1.3,1.8,,
119,2020.3.18,9.4,-0.9,506,17.8,1528,,,,,,,9.1,230,1535,4.4,250,1605,1.5,1327,1.5,32,1332,63.5,6.9,1008.7,1017.8,927,1009.2,2359,1013.5,12.1,11.1,1200,2.94,20.7,,,,,,0,0,8.1,-5.9,,,,,,,,,,3.5,4.9,,
119,2020.3.19,8.7,6.6,2048,13.5,702,,,,,,,16.7,230,745,9.7,230,803,5.7,4892,3.7,47,1,71.5,8.1,1002.5,1013.5,2357,1002.1,745,1007.3,12.1,8.2,1200,2.76,15.74,,,,,,1.9,1.6,8.1,3.4,,,,,,,,,,2.2,3.2,,
119,2020.3.20,8.7,2.6,641,14.7,1256,,,,,,,10.7,250,1602,6.5,230,1603,2.9,2501,0.5,34,1210,60.6,6.4,1009.5,1016.1,901,1012.7,1847,1014.3,12.1,11,1200,2.92,20.58,,,,,,0.1,0,8.8,-2.4,,,,,,,,,,3.4,4.8,,
119,2020.3.21,11.8,4.4,352,20.4,1550,,,,,,,6,180,1055,3.9,290,1707,1.8,1587,7.3,56,1426,75.5,10.6,1007.2,1014.6,911,1008.3,1631,1012,12.2,5.7,1200,2.59,14.77,,,,,,6,4.9,11.6,0,,,,,,,,,,2.2,3.1,,
119,2020.3.22,10.9,5.1,603,17.2,1343,,,,,,,10.7,250,1528,6.4,270,1643,2.8,2449,2.7,29,1349,61.9,7.6,1009.8,1018.1,2348,1012.2,1,1014.6,12.2,11.6,1200,3.11,22.28,,,,,,0.9,0.9,12.4,-0.4,,,,,,,,,,4,5.7,,
119,2020.3.23,9.3,3.2,520,16.7,1456,,,,,,,9.2,270,1536,5.2,290,1533,2.1,1828,3.5,45,1446,68.6,8,1013,1019.3,742,1015.4,1623,1017.8,12.3,11.4,1200,2.92,21.01,,,,,,0,0,10.9,-2.1,,,,,,,,,,3,4.3,,
119,2020.3.24,9.6,2.2,536,17.6,1414,,,,,,,7.5,270,1604,4.6,290,1623,1.5,1310,2.9,37,1417,67.8,7.6,1015.8,1022.5,935,1019,1,1020.7,12.3,11.3,1200,2.85,20.59,,,,,,0.4,0,11.3,-3.2,,,,,,,,,,3.3,4.7,,
119,2020.3.25,11.8,2.6,643,19.9,1448,,,,,,,7.5,290,1742,4.5,290,1615,1.5,1334,4.3,32,1419,64,8.4,1015.6,1022.6,924,1018.4,1527,1020.4,12.3,9.5,1200,2.86,19.24,,,,,,3.5,0.3,12.3,-2.7,,,,,,,,,,3.1,4.4,,
119,2020.3.26,14.1,6.3,533,20.9,1336,4.75,,,,,4.1,7.3,180,1559,3.8,180,1602,1.6,1340,10.3,49,1334,79.9,12.8,1010.6,1019.4,1,1011.9,2358,1015.4,12.4,1.8,1000,1.55,9.59,,,,,,8.3,6.4,12.6,1.4,,,,,,,,,,1.6,2.4,11.7,
119,2020.3.27,11.1,6.8,2350,13.9,1,5.83,,,,,7.6,12.1,250,1632,7.7,270,1640,3.4,2953,6.8,44,2400,77.5,10.6,1009.2,1020.8,2347,1009.7,452,1014.1,12.4,5.9,1300,2.93,15.47,,,,,,5.5,3.4,11.9,2.8,,,,,,,,,,2.8,4.1,,
119,2020.3.28,7.5,4.4,2344,12.8,1533,,,,,,,9.8,340,343,6.1,270,1625,3.2,2760,-5.6,25,1505,40,4.1,1016.7,1024.1,820,1018.9,1620,1021.6,12.5,8.4,1200,2.75,18.81,,,,,,5.9,0,7.4,-1.1,,,,,,,,,,3.2,4.5,,
119,2020.3.29,7.4,-1,603,15.8,1522,,,,,,,7.2,250,1818,4.6,270,1819,1.6,1347,0.2,35,1529,62.6,6.3,1016.9,1024.4,654,1019.2,1752,1021.8,12.5,11,1200,3.2,22.45,,,,,,2.9,0,9.2,-5.5,,,,,,,,,,3.1,4.5,,
119,2020.3.30,8.3,1.5,614,15.8,1323,,,,,,,6,290,1625,3.9,290,1639,1.5,1275,1.8,34,1312,68.8,7,1016.1,1022.7,941,1018.7,1640,1021,12.5,11.8,1200,3.07,22.72,,,,,,1.1,0.6,10.6,-4.2,,,,,,,,,,3.4,4.9,,
119,2020.3.31,9.8,1,628,18,1335,,,,,,,6.5,290,1448,4.3,290,1451,1.5,1335,3.4,32,1036,69,7.9,1013.1,1021.5,1,1015,1726,1017.9,12.6,9.8,1100,3.07,21.15,,,,,,4.9,0,11.1,-3.7,,,,,,,,,,3.3,4.7,,
119,2020.4.1,11.1,6.6,2356,17.6,1230,,,,,,,12.5,250,1434,7.4,270,1511,3,2624,2.7,40,1206,58.4,7.5,1010.4,1020.3,2316,1012.7,1343,1015.2,12.6,8.4,1200,2.85,19.34,,,,,,3.6,0,11.8,1.8,,,,,,,,,,3.4,4.9,,
119,2020.4.2,8.7,1.9,538,15.4,1309,,,,,,,8.3,320,1526,5.1,270,1340,2,1690,2.3,31,1422,68.8,7.3,1017.8,1024.1,943,1020.3,1,1022.7,12.7,10.2,1300,2.77,20.41,,,,,,2.9,0,10.8,-4,,,,,,,,,,3,4.3,,
119,2020.4.3,9.1,3.8,247,15.6,1313,,,,,,,8.6,290,1507,5.5,290,1511,2.1,1799,3.9,35,1438,74.4,8.1,1016.9,1024.1,742,1019.3,1614,1021.8,12.7,10.3,1200,3.22,22.64,,,,,,1.8,1.8,11.4,-1.3,,,,,,,,,,3.3,4.7,,
119,2020.4.4,8.9,4.6,630,13.7,1342,,,,,,,13.4,270,1541,7.7,270,1545,3.5,3060,-1.6,26,1800,54.9,5.9,1014.7,1022.7,2337,1018,458,1019.6,12.7,10.7,1200,3.26,23.47,,,,,,0.4,0,10.9,0.1,,,,,,,,,,4.5,6.4,,
119,2020.4.5,6.7,2,518,11.8,1303,,,,,,,8.6,270,1413,5.3,290,1554,2.6,2260,-3.3,29,1130,52,5.1,1018,1024.2,825,1021.3,1635,1022.9,12.8,12.1,1200,3.26,24.36,,,,,,0,0,10.2,-4.5,,,,,,,,,,3.3,4.8,,
119,2020.4.6,8.2,1.1,557,15.7,1325,,,,,,,11.1,270,1248,5.9,290,1517,2.2,1939,2.5,37,1319,71.4,7.3,1016.3,1023.6,5,1018.5,1712,1021.2,12.8,11.2,1300,3.12,23.49,,,,,,3.9,0,11.4,-4.7,,,,,,,,,,3.4,4.8,,
119,2020.4.7,9.6,3.8,334,17.4,1349,,,,,,,9.1,250,1419,5.7,250,1423,2.1,1813,5.8,55,1353,78.4,9.3,1011.6,1019.9,1,1013.9,1711,1016.4,12.9,10.1,1200,2.78,20.23,,,,,,1.9,0.6,12.6,-1,,,,,,,,,,2.9,4.2,,
119,2020.4.8,8.8,3.7,529,13.9,1228,,,,,,,12.6,290,1429,7.1,270,1411,3.3,2811,-0.5,25,1116,54.9,6,1014,1021.8,2316,1016.3,1,1018.8,12.9,12.2,1200,3.26,24.6,,,,,,0,0,11,-2.6,,,,,,,,,,4,5.7,,
119,2020.4.9,8.2,2,605,14,1259,,,,,,,9.4,270,1529,6.1,290,1452,2.3,2026,2.1,39,1231,67.8,7.1,1017.7,1025.4,2334,1021.2,1637,1022.6,12.9,11.7,1200,3.15,23.12,,,,,,2.8,0,11.3,-3.1,,,,,,,,,,3.4,4.9,,
119,2020.4.10,9.3,2.9,623,16,1351,,,,,,,8.6,290,1626,5.5,290,1639,2,1701,4.5,41,1417,75,8.5,1020,1026.6,913,1022.8,1536,1024.9,13,10.2,1000,2.68,20.25,,,,,,4.3,1.3,12.8,-2.1,,,,,,,,,,2.7,3.8,,
119,2020.4.11,8.4,4.1,500,14.8,1357,,,,,,,7.1,250,1746,4.2,270,1729,1.6,1358,5.1,55,1702,81.9,8.8,1015.3,1025,11,1017,2347,1020.2,13,10.4,1200,2.72,19.29,,,,,,4.4,0,11.9,-0.6,,,,,,,,,,2.5,3.6,,
119,2020.4.12,9.6,2.4,447,15.5,1457,,,,,,,11.3,20,1540,5.4,50,1601,2.3,2014,3.9,52,1203,70.1,8.1,1009.7,1017,1,1012.7,1457,1014.6,13,10.2,1400,2.39,17.79,,,,,,2.5,1.3,12.5,-2.7,,,,,,,,,,3.1,4.4,,
119,2020.4.13,10.7,5.1,456,19.5,1554,,,,,,,9.8,270,1742,5.8,270,1638,2.5,2195,2.2,27,1600,59.1,7.3,1009.8,1016.8,2354,1012.3,1551,1014.6,13.1,11.5,1200,3.26,24.81,,,,,,2,0.3,14.2,0.2,,,,,,,,,,4,5.7,,
119,2020.4.14,11.3,4.9,608,18.8,1307,,,,,,,8,250,1533,4.9,270,1517,2.1,1793,3.3,30,1627,61.5,7.8,1012.3,1018.8,932,1015.5,1641,1017.1,13.1,12.1,1200,3.39,25.28,,,,,,1.1,0,14.3,-0.5,,,,,,,,,,4.3,6.1,,
119,2020.4.15,11.5,3.3,604,19.6,1339,,,,,,,8.2,270,1522,5,250,1355,1.7,1493,3.3,33,1615,61,7.7,1010.5,1017.5,1,1013.3,1555,1015.3,13.2,10.6,1100,2.71,20.45,,,,,,4.9,0,13.6,-1.1,,,,,,,,,,3.5,5,,
119,2020.4.16,14.3,5.1,453,23.5,1613,,,,,,,8,270,1739,4.6,90,820,1.9,1621,6.6,32,1513,63.5,9.8,1011.8,1018.9,939,1013.7,1647,1016.6,13.2,10.9,1200,3.04,22.7,,,,,,3,1.6,16.8,-0.2,,,,,,,,,,4.1,5.8,2.6,
119,2020.4.17,12.4,9.8,2333,17,1543,7.05,0.4,650,1.2,1232,4.1,10.5,270,1609,6.1,270,1609,3,2560,10.8,60,116,90.8,13,1008.1,1017,110,1010.1,1845,1012.9,13.2,1.5,1500,1.19,6.6,,,,,,8.3,5.5,12.4,7,,,,,,,,,,1.1,1.6,1.5,
119,2020.4.18,12.8,9.1,525,18.1,1402,,,,,,,8.2,270,1316,5.3,250,1550,2.5,2181,9.6,56,1138,82.6,11.9,1011.6,1019.6,2150,1012.1,1,1016.4,13.3,12.1,1300,3.04,24.01,,,,,,2.3,1.6,16.5,4.3,,,,,,,,,,3.3,4.6,,
119,2020.4.19,11.8,8.6,245,15.5,1213,8.33,0.8,1719,3.7,1636,11.5,7.4,140,1013,4.6,90,1149,2,1699,10,62,1422,90.1,12.2,1009.6,1019,27,1010,2257,1014.4,13.3,0.7,1100,0.79,5.26,,,,,,9.6,6.3,11.7,4.7,,,,,,,,,,1,1.5,11.5,
119,2020.4.20,10.3,7.1,2358,14.6,1125,1.87,0.2,,0.2,,0.2,11,250,1632,6.4,270,1818,3,2563,8.4,72,2154,89,11.1,1006.7,1014.5,2230,1009.5,308,1011.5,13.4,2.9,1100,1.65,9.18,,,,,,7.4,5.6,10.8,2.4,,,,,,,,,,1.4,1.9,0.2,
119,2020.4.21,7.5,5,510,10.6,1051,,,,,,,15.6,270,1545,8.9,290,1521,4.5,3898,0.4,41,1327,63.6,6.5,1010.3,1017.9,2141,1013.1,536,1015.1,13.4,11.4,1200,3.19,23.57,,,,,,3.3,2.8,9,0,,,,,,,,,,3.7,5.2,0,
119,2020.4.22,6.7,5,337,9.1,1258,2.03,0,,0,,0,14.9,290,1415,8,290,1513,5.1,4444,-0.8,45,44,59.1,5.8,1012.1,1018.3,2252,1015.6,338,1017,13.4,8.5,1200,3.11,19.79,,,,,,4.3,4.3,8.6,1.4,,,,,,,,,,2.6,3.8,0,
119,2020.4.23,8,3.1,449,12.8,1416,,,,,,,13.1,290,1251,7.4,290,1039,4,3466,1.3,38,1357,64.3,6.8,1011.8,1018.3,1,1014.7,1536,1016.6,13.5,11.9,1200,3.37,24.34,,,,,,1.1,1.1,9.4,-2,,,,,,,,,,3.4,4.8,,
119,2020.4.24,9.9,2.7,601,15.4,1355,,,,,,,15.6,270,1159,9.5,250,1231,3.8,3267,3.7,36,1113,68.9,8.1,1009.3,1017,1,1012.1,1723,1014.1,13.5,12.1,1200,3.35,25.67,,,,,,0.1,0,11.9,-2,,,,,,,,,,4.3,6.2,,
119,2020.4.25,13.1,8.7,2244,18.4,1303,,,,,,,14.6,230,945,8.2,250,1147,3.9,3397,7.7,51,658,70.4,10.7,1005.4,1014.3,2400,1007.7,1337,1010.1,13.5,11,1200,2.81,20.14,,,,,,3,1.8,14.3,2.7,,,,,,,,,,3.1,4.4,,
119,2020.4.26,11.8,5.2,534,18.4,1424,,,,,,,10.1,340,1714,6.1,290,1719,2.5,2158,4.5,31,1341,66,8.5,1012.9,1020.6,2357,1014.3,3,1017.7,13.6,12.4,1200,3.45,26.47,,,,,,0,0,15.4,-0.8,,,,,,,,,,4.3,6.2,,
119,2020.4.27,12,6.7,530,18.1,1434,,,,,,,10.2,290,1611,5.5,290,1251,2.3,1944,6,33,1404,69.9,9.3,1015.4,1021.5,2352,1018.5,1547,1020.2,13.6,12,1200,3.57,26.22,,,,,,1.3,1.3,16.1,1.1,,,,,,,,,,4,5.8,,
119,2020.4.28,13.6,6,527,21,1346,,,,,,,9.1,290,1540,5.5,250,1641,2.5,2134,7.1,35,1318,68.9,10.2,1015.4,1022.8,854,1017.9,1608,1020.2,13.6,12.4,1200,3.39,26.04,,,,,,0,0,16.9,0.1,,,,,,,,,,4.5,6.4,,
119,2020.4.29,14.4,8.8,521,21.8,1400,,,,,,,8.7,290,1511,5.1,290,1556,2,1726,6.9,41,1324,65,10,1014.9,1021.6,926,1018.4,1754,1019.7,13.7,12.3,1200,3.23,25.25,,,,,,0,0,17.7,2.8,,,,,,,,,,4.4,6.2,,
119,2020.4.30,16.3,6.6,532,23.8,1510,,,,,,,9.3,250,1740,5.7,270,1556,2,1746,12.2,54,828,78.3,14.9,1011.4,1019.5,157,1012.7,1713,1016.1,13.7,11.5,1200,3.24,24.35,,,,,,3.1,2.5,19.7,1.3,,,,,,,,,,3.6,5.1,,
119,2020.5.1,20.4,15.9,354,27,1400,,,,,,,7.7,270,1244,4.3,200,1318,2.2,1860,18.1,62,1348,88.3,20.8,1008.6,1014.7,755,1010.9,1626,1013.2,13.8,8,1200,3.14,19.2,,,,,,6.1,6.1,22.2,12.1,,,,,,,,,,3.2,4.6,,
119,2020.5.2,20.8,18.3,242,25.3,1355,0.97,0.1,,0.1,,0.1,6.7,250,254,4.4,250,1544,2,1705,19.2,71,1356,91.1,22.2,1006.8,1014,140,1008.2,2304,1011.4,13.8,2.3,1100,2.25,12.21,,,,,,9.3,7.6,22,16.3,,,,,,,,,,2.1,3,0.7,
119,2020.5.3,21.1,16.2,417,26,1527,1.42,0.3,554,0.6,541,0.6,7.4,140,1221,4.4,140,1319,1.9,1608,18.3,64,1333,85.8,21.1,1001.4,1008.6,37,1003.4,1616,1006,13.8,7.1,1300,3.36,20.12,,,,,,6.5,4.4,23.1,11.7,,,,,,,,,,3.6,5.2,,
119,2020.5.4,18.3,12.1,2245,23.7,1333,,,,,,,7.9,270,1337,4.9,270,1317,2.3,2017,14.7,53,1607,81.5,17,1003.9,1011.9,2300,1005.4,226,1008.6,13.8,11,1200,3.3,24.51,,,,,,3.5,2.3,24.4,7.3,,,,,,,,,,3.7,5.3,,
119,2020.5.5,14.2,11,407,20.3,1109,4.25,0.5,1403,2.2,1348,2.5,7.1,230,1217,4.5,230,1222,1.2,1053,12.4,69,1030,90.5,14.5,1007.3,1013.9,1442,1010.8,503,1012,13.9,2.2,1000,1.23,7.35,,,,,,6,3.8,14.6,5.9,,,,,,,,,,1.4,2,2.5,
119,2020.5.6,17.8,8.8,452,26.8,1439,,,,,,,9.3,250,1615,5.4,270,1616,1.6,1370,11.4,32,1415,69.8,13.5,1009.3,1015.8,858,1011.2,1544,1014,13.9,12.6,1200,3.33,26.58,,,,,,0.6,0,20.9,4.1,,,,,,,,,,5.4,7.7,,
119,2020.5.7,20.6,14,546,25.9,1347,,,,,,,8.5,140,932,5.7,160,959,2.5,2158,6.5,28,1307,41.8,9.7,1012.7,1019,804,1015.5,13,1017.3,13.9,9.8,1100,3.37,23.41,,,,,,7.3,1.9,21.8,8.4,,,,,,,,,,5.6,8,,
119,2020.5.8,18.9,14.3,2400,25,1423,5.17,0.4,2355,1.6,2331,3.1,7.6,270,1628,4.6,270,1630,2,1717,5.5,23,1225,47.4,9.6,1010.1,1017.2,1,1012.3,1601,1014.8,14,8.4,1100,3.42,20.96,,,,,,6.9,3.6,22.5,10.2,,,,,,,,,,3.8,5.5,10.4,
119,2020.5.9,14.7,12.9,2313,17.3,1523,21.92,2.3,927,7,920,23.2,11.4,110,543,5.7,90,519,3.2,2729,14.6,92,134,99.9,16.7,1000.2,1014.2,8,1001.9,1430,1004.9,14,0,1300,0.42,2.24,,,,,,10,9.1,15.5,12,,,,,,,,,,0.5,0.7,16.4,
119,2020.5.10,14.2,12.8,2051,17.1,1346,7.55,0.1,,0.2,,0.5,6.4,270,1608,4.3,250,1608,2,1690,13.8,89,1555,97.9,15.8,1003,1010.8,2353,1004.6,127,1007.7,14,0.7,1300,1.06,7.24,,,,,,9.4,9.1,14.9,8.5,,,,,,,,,,1.2,1.8,,
119,2020.5.11,16.4,12.1,2400,22.4,1420,2.25,0.5,2355,1.8,2321,1.2,8.8,290,1309,5.7,270,2339,2.1,1851,11.4,33,1527,76.5,13.6,1003.6,1010.9,10,1005.5,1821,1008.3,14.1,7.4,1200,3.27,21.98,,,,,,6.8,3.9,17.7,7.4,,,,,,,,,,3.7,5.2,2.2,
119,2020.5.12,14.1,9.5,354,18.7,1408,0.75,0.5,5,1,1,1,9.9,250,1026,6.1,250,1055,2.8,2405,11.2,61,1756,84.1,13.3,1001.2,1011.6,2359,1003.4,1035,1005.9,14.1,9.6,1400,2.4,18.02,,,,,,2.4,2.4,16.5,5,,,,,,,,,,2.7,3.9,,
119,2020.5.13,15.8,8.6,354,22,1328,,,,,,,12.1,250,1432,7,250,1438,2.6,2205,6.6,29,1429,59.8,9.9,1011.2,1018.4,2356,1011.5,5,1015.9,14.1,12.8,1200,3.5,28.2,,,,,,0.5,0,16.9,3.3,,,,,,,,,,5.4,7.7,,
119,2020.5.14,20,11.7,247,26.3,1528,,,,,,,6.6,290,1612,4.2,290,1605,1.2,1077,7.2,29,1226,45.8,10.2,1011.5,1019.1,712,1012.3,2342,1016.2,14.2,8,1100,2.99,21.01,,,,,,8.6,3.6,19.6,8.5,,,,,,,,,,4.1,5.8,4.6,
119,2020.5.15,16.2,14.5,1007,21.3,1,16.5,0.8,937,3.8,923,12.6,9,90,1151,5.4,90,1151,2.6,2250,14.8,46,17,92.8,16.9,1003.9,1014.1,28,1005.9,1714,1008.6,14.2,0,1200,0.49,2.46,,,,,,10,7.5,15.6,13.4,,,,,,,,,,0.5,0.8,9.2,
119,2020.5.16,16.5,14.9,710,19.1,1514,3.58,0.2,,0.5,252,1.2,4.4,250,1750,2.7,250,1755,1.2,1047,15.9,87,1353,96.9,18.1,1002.3,1008.3,1046,1005.4,1613,1007,14.2,0,1200,1.61,7.46,,,,,,9,8.6,16.9,13.8,,,,,,,,,,1.2,1.7,0.1,
119,2020.5.17,19.1,14.3,552,25.7,1600,1.33,0.1,,0.1,,0.1,5.4,160,852,3.2,160,858,1.4,1241,16.8,64,1557,87.9,19.1,1000.7,1008.3,514,1002.8,1704,1005.3,14.2,5.6,1300,3.04,16.84,,,,,,6.5,6.5,20.6,14.2,,,,,,,,,,2.9,4.2,,
119,2020.5.18,19.2,12.9,2137,27.7,1449,5.67,15.2,1605,29.1,1548,36.7,14.8,290,1604,8,270,1609,2.5,2166,17,58,1402,89,19.5,994.1,1003.9,9,992,1437,998.6,14.3,5.4,1300,2.91,16.02,,,,,,8.8,5.1,20.5,12.6,,,,,,,,,,2.8,4,40.1,
119,2020.5.19,13.5,10.9,2323,18.3,1554,6.08,0.8,642,2.6,634,3.9,9,70,1217,4.3,360,1705,2.4,2045,10.4,59,1736,82.9,12.7,995.9,1008.3,2351,996.9,819,1000.6,14.3,3.4,1200,2.55,13.03,,,,,,7.6,6.3,15.4,8.2,,,,,,,,,,2.1,2.9,0.5,
119,2020.5.20,14.1,9.7,138,19.9,1510,,,,,,,6,320,1627,3.4,290,1654,1.1,969,8.9,52,1513,72.3,11.5,1007.2,1014.9,2326,1008.3,1,1011.9,14.3,5.5,1100,3.41,18.34,,,,,,5.1,3.8,15.7,7,,,,,,,,,,3.1,4.4,,
119,2020.5.21,17.1,10.3,209,22.1,1703,,,,,,,5.3,110,750,3.3,110,809,1.2,1062,10.6,49,1600,67.4,12.8,1010,1016.5,911,1013,1628,1014.7,14.3,8.5,1000,3.13,21.44,,,,,,5.5,2.5,18.2,6.4,,,,,,,,,,3.1,4.5,,
119,2020.5.22,18.2,13.1,425,23,1352,0.78,0,,0,,0,6.8,160,914,4.3,140,932,1.5,1260,14.8,63,1325,81.6,16.9,1008.2,1015.5,14,1009.8,1908,1012.9,14.4,2.2,1300,2.32,14.46,,,,,,8.9,5.1,18.7,10.8,,,,,,,,,,2.5,3.6,0,
119,2020.5.23,19.9,15.8,519,25.4,1517,,,,,,,9.3,290,1702,5.1,290,1706,1.6,1354,15.4,50,1417,77.5,17.5,1006.7,1012.6,32,1008.9,1842,1011.3,14.4,10.5,1300,3.25,23.46,,,,,,6.9,4.4,23.2,14,,,,,,,,,,3.6,5.1,9.9,
119,2020.5.24,16.8,13.5,2351,19.6,602,2.8,2.8,630,8.6,625,9.9,10.3,250,733,5.6,270,855,2.6,2288,15.6,81,604,93.1,17.7,1005.5,1013.3,2324,1006.9,538,1010.2,14.4,4.9,1300,2.35,12.36,,,,,,8.8,7.6,19.1,13.5,,,,,,,,,,1.7,2.4,0,
119,2020.5.25,15.5,12.6,329,20,1449,3.33,0,,0,,0,4.3,270,1505,2.9,250,1812,1.5,1265,14.1,71,1736,92.8,16.2,1008,1014,727,1011,1721,1012.8,14.4,1.8,1300,1.54,12.52,,,,,,8.9,5,17.5,11.6,,,,,,,,,,1.9,2.7,,
119,2020.5.26,16.1,12.6,116,23.6,1349,1.33,0.1,,0.1,,0.1,8.8,270,1522,5.1,290,1524,1.7,1441,13.2,55,1255,85.1,15.2,1005.1,1012.6,13,1007.5,1437,1009.8,14.5,5.4,1200,3.4,18.7,,,,,,7.4,6.1,18.6,10.6,,,,,,,,,,3.3,4.8,0.1,
119,2020.5.27,17.1,12,552,24.1,1258,,,,,,,9.9,360,1109,5.1,290,1441,2.3,2011,12.4,34,1238,77,14.4,1004.9,1011,825,1008.2,1733,1009.6,14.5,13.1,1200,3.47,28.74,,,,,,3.4,0.5,20.8,8.8,,,,,,,,,,4.5,6.5,,
119,2020.5.28,18,12.5,159,23.8,1401,,,,,,,7.5,320,1425,4.6,290,1529,1.7,1510,12.6,41,1304,73.9,14.6,1005.3,1012.8,2305,1008.6,1338,1010,14.5,10.6,1100,3.26,23.89,,,,,,3,2,21.5,8.3,,,,,,,,,,4.1,5.9,,
119,2020.5.29,19.4,13.1,412,27.4,1520,,,,,,,7.3,250,1646,4.4,270,1648,1.6,1383,14,39,1427,74.1,16,1010.5,1017.3,2238,1012.7,1,1015.2,14.5,11.6,1100,3.41,27.93,,,,,,2.9,1,24.4,8.8,,,,,,,,,,5,7.1,,
119,2020.5.30,21.6,15.1,543,29.7,1533,,,,,,,8.4,180,1407,4.9,250,1800,1.6,1381,13.7,29,1446,64.8,15.8,1011.7,1018.8,742,1013.8,1713,1016.3,14.5,13,1300,3.44,28.1,,,,,,1.6,1,26.6,10.8,,,,,,,,,,5.5,7.8,,
119,2020.5.31,20.4,15.8,447,27.6,1313,1.5,0.3,2331,1.1,2301,1.2,8.2,90,1051,4.8,290,1412,2,1703,14.6,42,1259,71.8,16.6,1007.2,1015.8,1,1009.2,1741,1011.8,14.5,7,1200,3.32,20.61,,,,,,6.8,4.3,24.3,12,,,,,,,,,,3.8,5.5,1.4,
119,2020.6.1,18.9,14,2356,24,1354,1.25,0.2,,0.7,-2331,0.2,11.1,290,1148,6.5,250,1420,3.3,2829,13.4,40,1541,74.3,15.5,1005.8,1011.2,2158,1009.3,1709,1010.4,14.6,11.8,1200,3.58,28.5,,,,,,4.5,2.3,24.5,9.7,,,,,,,,,,5,7.1,,
119,2020.6.2,18.3,13,424,23.3,1504,2.42,0.3,1154,1.1,1142,1.1,14.7,140,1240,7.7,140,1244,1.9,1642,13.5,45,1442,76,15.6,1003.2,1011.3,1143,1004.9,1739,1007.8,14.6,1.5,1400,2.11,8.13,,,,,,9.4,5.3,19,8.3,,,,,,,,,,2,2.8,1.2,
119,2020.6.3,21.9,18,518,28,1639,0.88,0.1,,0.1,,0.1,7.6,290,1841,4.6,290,1829,1.8,1543,18.4,44,1659,82.1,21.1,999.5,1006,41,1001.3,1724,1004,14.6,8.4,1300,3.63,21.92,,,,,,6.5,6.3,26.2,17.6,,,,,,,,,,3.9,5.6,0.3,
119,2020.6.4,22.3,19,2352,27.4,1327,5.38,0.1,,0.1,,0.4,7.2,250,1402,4.4,250,1407,2.2,1916,19.7,61,1252,86.5,23,999.7,1006.8,2312,1003,1420,1004.3,14.6,5.6,1200,3.11,18.6,,,,,,7.5,7.5,26.7,18.2,,,,,,,,,,3.2,4.5,0.1,
119,2020.6.5,21.5,18.3,2327,27.9,1546,1.42,0,,0,,0,6,290,1901,3.6,270,1717,1.7,1434,17.9,53,1541,82.1,20.6,1002.8,1008.7,946,1005.7,1552,1007.3,14.6,7.5,1200,2.98,18.95,,,,,,6.4,3.8,26.6,15.4,,,,,,,,,,3.7,5.2,,
119,2020.6.6,23.3,16.7,439,30.7,1551,,,,,,,6.7,290,1622,4.4,290,1625,1.7,1491,17.4,45,1519,72,19.9,1003.7,1010.8,2311,1006.2,1517,1008.3,14.6,9.7,1200,3.11,22.16,,,,,,3.5,2.1,28.5,13.1,,,,,,,,,,3.9,5.6,,
119,2020.6.7,21.6,17.7,425,28.4,1557,,,,,,,7.2,320,1713,4.3,290,1656,1.7,1496,18,50,1542,81.6,20.6,1007.5,1013.9,2356,1010.2,1623,1012.1,14.7,8.2,1300,3.26,21.25,,,,,,3.9,3.9,27.9,14.7,,,,,,,,,,4.1,5.8,,
119,2020.6.8,24.1,17.9,14,31.5,1544,,,,,,,6.5,290,1653,4.8,290,1659,1.7,1488,18,43,1713,71.3,20.7,1010.2,1016.5,2235,1013,1448,1014.8,14.7,11.3,1200,3.21,25.46,,,,,,2.5,2.5,30.9,16.3,,,,,,,,,,5.2,7.4,,
119,2020.6.9,25.7,18,405,32.7,1305,,,,,,,7.5,270,1344,5.1,290,1352,1.8,1572,16.3,37,1550,59,18.6,1009.8,1016.2,1,1012.5,1739,1014.3,14.7,12.8,1200,3.34,26.45,,,,,,2.1,0,30.8,14.2,,,,,,,,,,5.7,8.1,,
119,2020.6.10,25.4,19.6,520,32.5,1510,6.33,1.3,2034,5.9,2024,10.8,7.4,290,1800,4.7,320,1831,1.6,1354,18.5,43,952,69.1,21.5,1004.4,1014,1,1005.2,1728,1008.9,14.7,8.7,1200,2.73,19.9,,,,,,8,3.1,31.5,15.8,,,,,,,,,,4.1,5.9,10.8,
119,2020.6.11,25.4,21.6,2352,31,1515,0.38,0,,0.2,,0,8.3,250,1824,5.1,270,1717,2.1,1805,21,54,1359,78.3,24.9,999.1,1005.7,1,1001.1,1548,1003.6,14.7,11.6,1200,3.54,25.81,,,,,,6,3.8,28.4,19.2,,,,,,,,,,4.7,6.7,,
119,2020.6.12,23.4,19.5,441,27.6,1338,2.67,0,,0,,0,4.1,320,1512,2.8,160,146,1.3,1096,20.1,56,1410,83,23.6,1000.7,1006.2,1047,1004.3,302,1005.2,14.7,0.5,1100,1.34,9.6,,,,,,9.5,2.3,23.8,16.5,,,,,,,,,,2.2,3.1,0,
119,2020.6.13,25.7,20.3,517,32.4,1538,1.58,0.1,,0.5,2331,0.1,6.6,250,1817,3.9,250,1820,1.6,1414,20,43,1600,74,23.4,999.8,1005.9,651,1002.4,1457,1004.3,14.7,10.7,1200,3.36,25.69,,,,,,5.9,3.8,31.1,17.5,,,,,,,,,,4.8,6.9,1.2,
119,2020.6.14,22.9,18.7,2356,28,1439,3.08,0.3,14,0.6,1,1.1,10.1,270,1734,5.7,290,1521,2.5,2203,18.9,40,1356,80.5,22,1000.1,1007.8,2349,1002.9,633,1004.7,14.7,7.7,1200,3.36,21.31,,,,,,4.6,4.1,28.2,16,,,,,,,,,,4.1,5.9,,
119,2020.6.15,22.3,17.2,406,27.9,1505,,,,,,,8.8,250,1526,5.5,250,1441,2.2,1864,15.5,35,1445,69.5,17.9,1002.4,1008.4,801,1005.1,1615,1006.9,14.7,11.1,1400,2.89,24.33,,,,,,6.6,0.8,27.5,12.7,,,,,,,,,,5,7.1,,
119,2020.6.16,23.4,19.6,202,29.5,1522,,,,,,,6.5,270,1714,4.1,290,1747,1.9,1622,17.4,50,1403,70.6,19.9,1001.3,1007.3,739,1004,1556,1005.9,14.7,8.8,1300,3.18,24.39,,,,,,7.3,4.5,31.5,15.5,,,,,,,,,,4.5,6.4,,
119,2020.6.17,22.9,18,510,29.1,1342,,,,,,,6.8,270,1825,4,250,1550,1.8,1526,17.6,44,1358,74,20.1,1001,1006.4,516,1004,1434,1005.6,14.7,7.7,1300,3.05,20.95,,,,,,8,0,28.8,13.7,,,,,,,,,,3.7,5.3,,
119,2020.6.18,22.7,19.4,434,26.3,1534,0.78,0,,0,,0,6.1,160,1459,3.5,160,1507,1.1,960,17.9,53,1525,75.9,20.5,998.6,1006.1,1,1001.5,1649,1003.2,14.7,0.9,1500,2.24,11.8,,,,,,9.5,6.4,26.3,17.1,,,,,,,,,,2.4,3.4,0.4,
119,2020.6.19,23.8,19.9,2347,29.1,1449,3,0.1,,0.3,426,0.4,7.3,250,1642,4.4,270,1617,1.7,1504,18.1,50,1531,72.3,20.7,1001.9,1010,2245,1002.8,12,1006.4,14.7,7,1200,3.27,19.67,,,,,,5.5,2.6,26.8,16.3,,,,,,,,,,4.2,6,,
119,2020.6.20,23.6,18.7,514,29.3,1416,,,,,,,8,290,1557,4.8,290,1553,1.9,1646,18.7,59,1231,75.5,21.6,1005.7,1011.7,821,1008.8,1748,1010.3,14.7,12.8,1400,2.9,25.22,,,,,,1,1,31.2,14.7,,,,,,,,,,4.7,6.6,,
119,2020.6.21,24.2,18.5,445,31.9,1407,,,,,,,7.6,290,1427,4.7,290,1528,1.7,1444,18.6,45,1354,73.8,21.4,1003.5,1010.2,457,1005.5,1648,1008,14.7,12.7,1200,3.29,26.02,,,,,,0.1,0.1,31.8,15.3,,,,,,,,,,5,7.2,,
119,2020.6.22,26.5,19.2,403,34,1617,,,,,,,8.5,250,2140,4.2,250,1709,1.5,1328,18.9,44,1233,66,21.8,1003.7,1009.4,2311,1006.6,1549,1008.1,14.7,12.6,1200,3.24,26.75,,,,,,1.8,0.1,33.8,14.8,,,,,,,,,,5.6,8,,
119,2020.6.23,25.5,20.8,538,30.2,1217,2.17,0,,0,,0,5.4,320,1523,3.5,270,1531,1.4,1170,18.1,50,1115,65,20.8,1003.9,1010.1,521,1006.5,2357,1008.4,14.7,5.2,1000,2.58,16.41,,,,,,7.9,2.9,30.1,17.4,,,,,,,,,,3.4,4.8,0.1,
119,2020.6.24,22.5,20.4,1057,26.4,438,17.3,2.5,1048,5.3,1012,14.1,10.3,90,1106,5.8,90,1121,2.8,2455,19.5,56,553,85.1,22.8,998.3,1006.5,1,1000.8,1816,1002.9,14.7,0,1400,0.42,2.72,,,,,,9.9,7.6,22.4,19.3,,,,,,,,,,0.8,1.1,16.9,
119,2020.6.25,21.6,19.8,2400,23.6,1420,11.02,0.5,106,1.8,16,4.4,7.2,180,1304,4.7,230,1313,2.2,1914,20.5,82,1423,94.3,24.2,997.3,1003.7,2248,1000.8,117,1001.9,14.7,0,1300,1.1,6.78,,,,,,10,8.8,22.5,19.5,,,,,,,,,,1.2,1.7,3.6,
119,2020.6.26,21.8,18.7,433,25.8,1517,4.88,0.3,101,1.3,52,2.1,10.1,340,1254,5.7,270,1231,2.8,2434,19.1,69,1416,85.8,22.1,1002.2,1008.6,2320,1003.6,1,1006.7,14.7,7.5,1200,2.63,16.95,,,,,,8.1,6.5,23.1,18.4,,,,,,,,,,3,4.3,0,
119,2020.6.27,23.7,20,309,29.3,1429,1.42,0,,0,,0,10.5,290,1259,3.9,250,1535,1.5,1308,19.1,56,1419,77.3,22.1,1000.9,1008.4,6,1003.3,1748,1005.5,14.7,7.9,1300,3.1,22.13,,,,,,5.4,2,26.3,18.4,,,,,,,,,,4.1,5.8,,
119,2020.6.28,23.5,20,302,28.7,1400,,,,,,,7.9,250,1343,5.5,290,1518,2.1,1832,19.9,57,1544,82,23.2,1000.3,1006.7,2147,1003.9,1734,1004.9,14.7,11.4,1300,3.33,25.54,,,,,,3.6,3.6,28.2,17,,,,,,,,,,4.6,6.6,,
119,2020.6.29,22.7,17.3,358,26.8,1513,6.08,2.9,2317,11.8,2243,29.5,11.8,70,2327,6.1,90,2144,2.6,2278,19.6,66,1621,84.3,22.8,997,1006.7,212,992,2344,1001.5,14.7,2.2,800,1.28,8.35,,,,,,8.6,5.1,23.6,13.9,,,,,,,,,,1.7,2.4,54.2,
119,2020.6.30,20.2,17.9,2220,23,1658,19.98,4.1,9,8.8,-2331,26.8,10.6,70,144,5,360,1832,2.7,2334,18.2,67,1810,89.1,20.9,989.1,1001.2,2344,988.4,335,993.6,14.7,0,1200,1.13,7.34,,,,,,10,5.4,20.8,16.7,,,,,,,,,,1.6,2.2,2.2,
119,2020.7.1,20.8,17.5,435,24.6,1452,3.23,0.4,1754,0.4,1704,0.5,4.4,250,946,2.9,250,1524,1.3,1087,18.3,69,1456,86.6,21.1,1000.5,1009.1,2339,1001.2,1,1005.1,14.7,0.5,1400,1.73,9.79,,,,,,8.5,6.5,23.2,15.9,,,,,,,,,,1.7,2.4,0.4,
119,2020.7.2,23.8,19,51,29.5,1721,0.5,0.6,2320,0.6,2230,0.6,6.3,290,1930,3.5,270,1932,1.6,1344,19.8,55,1611,80,23,1006.4,1013.2,2229,1008.7,159,1011,14.7,7.7,1100,2.91,20.77,,,,,,7.1,5.9,25,15.5,,,,,,,,,,4,5.7,0.6,
119,2020.7.3,23.8,19.6,319,29,1228,3.78,0.2,,0.4,2013,0.5,9.9,140,1250,5.9,110,1321,2.4,2114,18,43,1540,73.5,20.7,1006.1,1013,1,1008.7,1543,1010.7,14.7,8.3,1100,3.09,21.47,,,,,,7.6,3.3,24.5,16.9,,,,,,,,,,4.4,6.2,1.5,
119,2020.7.4,22.5,18.5,247,28.2,1359,2.75,0.2,,0.7,7,1,9.8,70,1103,5.2,250,1546,1.5,1265,18.2,49,1436,79.3,21,1002.7,1010.1,1,1005.8,1448,1007.2,14.7,8.8,1100,3.38,22.25,,,,,,7.5,2.6,25,16.2,,,,,,,,,,4,5.7,,
119,2020.7.5,22.6,18.1,525,28.1,1545,,,,,,,5.6,250,1643,3.7,250,1644,1.4,1222,18.4,59,1450,78.9,21.2,1000,1007,1,1002.2,1754,1004.5,14.7,9,1400,2.96,21.38,,,,,,6.3,5,27,14.9,,,,,,,,,,3.7,5.3,,
119,2020.7.6,24.6,20.1,513,30.5,1502,,,,,,,7.6,270,1807,5,270,1809,1.6,1414,19.9,53,1520,76.5,23.3,996.6,1003,2251,999.1,1422,1001.2,14.6,7.5,1300,2.97,19.2,,,,,,7.4,6.1,28.8,17.5,,,,,,,,,,3.4,4.9,,
119,2020.7.7,23.3,20.7,2325,27.9,1548,,,,,,,6,250,1316,3.8,250,1733,2,1696,20.1,64,1554,83.4,23.6,999.8,1005.8,2336,1002.3,321,1004.4,14.6,4.4,1500,2.58,14.87,,,,,,5.6,5.6,27.6,17.9,,,,,,,,,,2.9,4.1,,
119,2020.7.8,23.6,19.9,339,29.6,1442,,,,,,,7.1,270,1531,4.1,290,1605,1.8,1562,20.5,58,1710,84.9,24.2,1000.5,1006,834,1003.3,1625,1005,14.6,9.3,1300,2.66,21.79,,,,,,4.3,3.6,28.1,16.5,,,,,,,,,,4,5.7,,
119,2020.7.9,27,20,322,33,1347,,,,,,,6.4,160,1450,3.6,140,1458,1.5,1324,20.5,39,1452,71,24.2,999.3,1005.3,1,1001.9,1633,1003.8,14.6,10.1,1200,3.6,24.97,,,,,,6.6,3.3,32.5,18.1,,,,,,,,,,4.9,7,0.8,
119,2020.7.10,25.8,23.1,2358,29.1,1816,2.42,0.3,531,0.6,500,0.8,8.6,70,1436,3.8,50,1412,2.3,1952,20.6,63,1801,73.4,24.2,997.3,1003.8,1,1000.2,1611,1001.8,14.6,6,1500,2.62,16.85,,,,,,7.3,4.6,28.5,20.1,,,,,,,,,,3.9,5.6,,
119,2020.7.11,26,21,431,30.6,1424,,,,,,,8.4,110,1256,4.1,90,1300,1.9,1644,19.2,51,1425,67.1,22.2,1002.5,1010,2337,1002.8,1,1007.1,14.6,7.1,1000,2.7,17.79,,,,,,5.8,2.9,29,17.9,,,,,,,,,,3.8,5.4,,
119,2020.7.12,23.2,20.8,2342,25.6,1254,9.43,0.4,2029,1.3,1958,4.8,8.4,90,2232,5.1,90,2325,2.9,2486,19.4,66,3,79.9,22.5,1004.6,1011,843,1007,2333,1009.2,14.5,0,1200,0.8,5.01,,,,,,9,6,23.7,19.4,,,,,,,,,,1.2,1.8,37.8,
119,2020.7.13,19,18.3,534,20.8,1,24,1.7,2027,6.5,132,47.2,10.6,90,1030,6.5,90,1037,3.8,3283,18.4,91,1706,96.6,21.2,998,1007,1,1001,1655,1002.6,14.5,0,1000,0.53,3.5,,,,,,10,6.5,19.9,17.4,,,,,,,,,,0.9,1.3,30.4,
119,2020.7.14,20.8,17.6,550,23.9,1439,8.67,1.8,247,5.8,205,16.2,8.7,90,240,5,90,240,2,1763,17.1,67,1543,80.5,19.5,999,1005.5,2315,1001.1,232,1003.5,14.5,0,1200,1.63,10.86,,,,,,10,5.6,21.4,16.6,,,,,,,,,,2.1,3,0.2,
119,2020.7.15,22.3,18.7,439,27.9,1641,2.48,0.2,,0.2,,0.2,6.6,70,1424,3.8,250,1747,1.4,1182,17.5,53,1412,76,20,1000.9,1006.7,2323,1004,1700,1005.4,14.5,9.8,1100,3.17,22.88,,,,,,5.1,3.9,23.9,16.5,,,,,,,,,,4.2,6,,
119,2020.7.16,23.3,18,526,29,1422,,,,,,,6.8,250,1532,4.3,250,1541,1.6,1353,19,57,1426,78.6,22,1002.5,1008.6,2338,1005.7,1707,1007.1,14.5,11.8,1200,3.18,24.73,,,,,,1.4,1.1,25.1,14.7,,,,,,,,,,4.4,6.3,,
119,2020.7.17,24.4,20.4,340,29.8,1341,,,,,,,7.7,290,1614,4.8,290,1559,1.7,1443,21.3,67,1226,83.8,25.4,1003.9,1009.6,747,1007,1724,1008.4,14.4,9.4,1000,2.52,20.08,,,,,,4.6,3,26.4,17.6,,,,,,,,,,3.7,5.3,,
119,2020.7.18,25.2,20.5,356,30,1541,,,,,,,6.4,180,1516,3.8,250,1649,1.4,1228,20.8,61,1516,78,24.7,1003.9,1009.7,906,1006.7,1806,1008.4,14.4,8.1,1400,2.8,20.33,,,,,,5.4,2.1,27.8,18,,,,,,,,,,3.4,4.9,35.6,
119,2020.7.19,25.1,20.5,734,28.1,1647,6,9,747,22,659,35.6,8.1,140,1825,4.8,140,1837,3.1,2693,21.9,67,16,83.3,26.4,1000.1,1008.5,1,1002.5,1728,1004.6,14.4,0.1,1100,1.42,7.47,,,,,,9.8,7.6,24.1,20,,,,,,,,,,1.9,2.7,1.2,
119,2020.7.20,24,22.5,2048,27.8,132,7.92,0.3,300,0.6,831,1.8,13.6,180,350,6.2,200,356,3.1,2709,22.3,79,126,90.8,27,1001.7,1011.1,2338,1001.4,255,1006.3,14.4,0,1100,0.87,5.22,,,,,,9.6,8.1,23.6,21,,,,,,,,,,1.4,2,0.6,
119,2020.7.21,24.7,21.5,527,29.9,1325,,,,,,,5.9,290,1659,3.7,270,1700,1.4,1213,21.1,58,1323,82,25,1007.2,1013,906,1010.8,1512,1011.7,14.4,7.7,1100,2.81,20.54,,,,,,7.1,4.3,26.4,20.1,,,,,,,,,,3.2,4.6,65,
119,2020.7.22,22.6,21.7,2241,23.7,1153,10.42,8,807,37.2,755,92.9,5,250,1023,3,230,1030,0.9,753,21.9,89,1200,96.5,26.3,1005.4,1011.4,12,1009.1,1556,1009.9,14.3,0,1100,0.72,4.08,,,,,,9.8,6.9,23,20.1,,,,,,,,,,0.8,1.2,28.9,0.92
119,2020.7.23,21.6,19.7,2311,23.1,945,17.5,5.1,1935,17.7,1949,90.1,13.9,90,1826,8,90,1831,3.2,2805,21,88,2347,96.9,25,1000.5,1010.5,727,999.3,1958,1005.1,14.3,0,1300,0.51,2.56,,,,,,9.9,6.9,21.8,18.3,,,,,,,,,,1.1,1.5,89.7,
119,2020.7.24,23.3,20.3,5,27.2,1603,7.17,0.4,1248,0.7,821,1.4,12,90,238,6.6,90,306,3.1,2719,18.4,66,1552,74,21.2,993.9,1000.3,2236,996.9,334,998.4,14.3,0.9,1500,1.76,8.93,,,,,,9.5,7.4,21.7,17.9,,,,,,,,,,2.1,3,0.8,
119,2020.7.25,25.2,22.4,525,29.4,1512,,,,,,,11.2,320,911,3.8,360,1502,2,1771,19.3,58,1517,70.1,22.4,998.5,1006.4,2317,1000,23,1002.9,14.3,4.7,1100,2.87,16.91,,,,,,7.8,6.6,24.1,21,,,,,,,,,,3.9,5.5,,
119,2020.7.26,25,22.5,439,29.2,1326,,0,,0,,0,7.3,290,1552,4,270,1533,1.5,1308,20.7,62,1328,77.8,24.4,1002.6,1008.4,2311,1005.5,208,1007.1,14.2,4.8,1300,2.34,13.79,,,,,,8.3,5.9,25.1,21,,,,,,,,,,2.3,3.4,0.4,
119,2020.7.27,24.6,22.6,57,27.1,1647,11.17,0.3,1208,1.1,1159,1.9,4.8,160,1125,2.9,140,1129,1.1,973,23,80,1649,91,28,1003.8,1009.4,1159,1007.2,1819,1008.3,14.2,0.3,1400,1.07,6.4,,,,,,9.9,6.9,25.2,21.3,,,,,,,,,,1.3,1.8,1.9,
119,2020.7.28,24.2,22.8,352,25.7,1404,11.35,0.4,2316,0.6,819,1.9,6,110,1120,3.6,110,1120,1.4,1211,22.6,83,1138,91.3,27.4,1005.8,1011.3,2253,1008.4,1,1010.3,14.2,0.3,1100,0.84,6.77,,,,,,9.5,5.8,24.3,21.4,,,,,,,,,,1.1,1.6,,
119,2020.7.29,24.7,23.2,501,27.8,1455,12.75,11.6,435,33.8,414,87,7.3,160,1436,4.4,160,1426,1.6,1355,24.3,83,1507,97.9,30.3,1007.1,1012.7,2147,1010.2,328,1011.6,14.1,0.2,1400,1.22,,,,,,,9.8,7.3,25.7,22.9,,,,,,,,,,,,29.1,
119,2020.7.30,24.8,22.6,2330,28.3,1430,2.67,0.1,,0.1,,0.2,5.6,270,1245,3.7,250,1248,1.5,1261,23.7,78,1436,94,29.3,1008.8,1014.6,2213,1011.6,321,1013.4,14.1,2.9,1400,2.5,13.38,,,,,,8.3,5.1,26.7,20,,,,,,,,,,2.3,3.4,0.1,
119,2020.7.31,25.9,22.5,10,30,1541,1.87,0.1,,0.1,,0.1,5.5,250,1544,3.8,250,1551,1.3,1099,24.4,74,1324,92.3,30.5,1009.4,1015.4,1015,1012.7,1811,1014,14.1,2.6,1500,1.74,12.4,,,,,,8.8,6,27.4,20.2,,,,,,,,,,2.2,3.2,0,
119,2020.8.1,26.2,24,2229,29.2,1153,9,7.7,1258,16.7,2328,28.7,8,200,1532,4.4,200,1533,2,1732,24.6,77,1202,91.4,30.9,1005.9,1013.4,121,1007.7,1733,1010.4,14.1,0.3,1000,1.35,8.22,,,,,,9.4,6.6,26.3,23.7,,,,,,,,,,1.4,2,92.8,
119,2020.8.2,25.2,23.3,1708,28.1,1359,18.47,7.1,1531,19,206,86.7,20,200,1531,8.5,230,1538,2,1689,24.7,89,1413,97.6,31.2,1003.4,1009.3,1,1006.3,2044,1007.9,14,0,1300,0.89,3.54,,,,,,10,7.6,25.1,22.7,,,,,,,,,,0.9,1.2,79.7,
119,2020.8.3,25,23,1945,26.8,300,15.08,12.7,443,40.7,407,96.9,13.6,160,940,7.3,200,942,2.5,2140,24.4,88,118,97,30.7,1004.1,1010.3,2348,1006.5,400,1008.6,14,0,1300,0.52,2.98,,,,,,10,7.8,24.9,22.5,,,,,,,,,,0.7,1,40,
119,2020.8.4,27.4,23.8,1,30.4,1524,1.37,0.2,,0.2,,0.2,11.6,250,1743,5.3,230,1331,2,1759,25.4,77,1431,89.8,32.5,1006.4,1012.9,2356,1009.2,244,1010.9,14,0.5,1300,1.52,9.52,,,,,,9.6,6.6,26.4,23.6,,,,,,,,,,1.9,2.6,0.1,
119,2020.8.5,27,25.2,1342,29.1,1806,6.57,11.5,1332,16.7,1331,20.5,11.4,160,1334,5.1,160,1617,2.3,1968,25.6,83,1756,92.6,32.9,1006.2,1013,8,1007.2,2348,1010.7,13.9,0.7,1500,1.26,7.72,,,,,,8.8,5.1,26.6,24.7,,,,,,,,,,1.5,2.1,145.1,
119,2020.8.6,24.3,22.8,2333,26.2,1427,11.92,11.8,552,48,514,131.5,18.1,230,643,8.8,250,648,3.6,3074,23.4,85,1428,95.5,28.8,1001.2,1008.9,2220,1001.2,436,1005.7,13.9,1.7,1300,2.4,8.39,,,,,,9,7.6,25.3,21.6,,,,,,,,,,1.5,2.1,7,
119,2020.8.7,24.2,22.4,524,25.9,1718,3.63,0.1,,0.2,,0.2,5.5,110,1820,3.3,110,1827,1.5,1299,22.5,75,1734,90.8,27.2,1002.1,1009.5,323,1004.6,1816,1006.6,13.9,0,1500,1.09,6.25,,,,,,9.4,6.5,24.3,21.5,,,,,,,,,,1.3,1.9,2,
119,2020.8.8,24,22.7,822,25,1615,14.25,2.1,1901,4.5,1900,12.3,6.1,90,1352,3.9,110,1403,2.1,1802,23.2,87,1,96,28.5,998.4,1004.8,43,1001.6,1940,1002.9,13.8,0,1500,0.64,3.7,,,,,,9.3,6.5,23.9,22.2,,,,,,,,,,0.7,1,96.1,
119,2020.8.9,25.3,24.1,756,27.7,1532,14.25,11,737,39.2,654,134.2,15.3,230,1556,7.5,200,1605,2.7,2305,24.6,84,1532,96,30.9,998.1,1003.8,2350,1001.4,746,1002.6,13.8,0,1400,0.83,2.71,,,,,,9.3,7.4,24.7,23.8,,,,,,,,,,0.9,1.4,48.4,
119,2020.8.10,26.6,24.9,24,30.5,1251,8.17,5,1559,12.1,1527,22.3,7.5,140,1053,4.8,140,1059,1.9,1619,25.3,75,1236,93,32.2,999.1,1004.7,729,1002.2,1459,1003.6,13.8,2,1100,1.99,9.64,,,,,,9.5,6.3,26.5,24,,,,,,,,,,1.6,2.3,37.3,
119,2020.8.11,25.4,23.5,2213,28.3,1339,10.02,2.7,743,6.4,713,16.2,8.7,230,325,4.7,230,326,1.9,1665,24.4,77,1327,95,30.6,1004.9,1012.6,2325,1004,53,1009.4,13.7,0.6,1200,1.82,7.12,,,,,,8.4,5.9,25.5,21.3,,,,,,,,,,1.5,2.1,1.2,
119,2020.8.12,27.2,23.4,358,30.9,1333,0.62,0,,0,,0,8.9,230,2122,4.1,180,1601,0.9,778,25.5,73,1335,91.1,32.6,1008,1013.8,704,1011.4,1701,1012.5,13.7,1,1200,1.97,9.03,,,,,,9.4,7.3,27,21.8,,,,,,,,,,1.8,2.5,0,
119,2020.8.13,28.2,25.9,256,32.1,1535,0.25,0,,0,,0,8.5,230,1551,4.9,230,1426,2.2,1887,25.7,71,1522,87.1,33.1,1004.7,1012.6,14,1006.5,1835,1009.1,13.7,1.6,1500,1.55,10.08,,,,,,8.5,7.6,28,24.7,,,,,,,,,,0.6,0.8,0,
119,2020.8.14,27.7,26.3,535,29.9,1126,0.17,0,,0,,0,9,250,1301,5.5,250,1258,3,2626,25.6,81,1129,88.9,32.8,1001.4,1007.3,4,1004.7,1423,1005.9,13.6,1.3,1000,1.5,7.38,,,,,,9.8,7.8,26.9,25,,,,,,,,,,1.5,2.1,43.5,
119,2020.8.15,26.7,25.1,812,29.3,1707,8.63,10,645,18.8,640,46.6,6.5,250,646,3.4,230,245,1.6,1394,25.8,86,1710,95.6,33.2,1004.1,1010.2,2051,1006.4,358,1008.6,13.6,1.2,1600,1.15,4.69,,,,,,8.6,7.4,26.5,23.9,,,,,,,,,,1.1,1.6,3.1,
119,2020.8.16,27.5,24.7,414,31.6,1439,,,,,,,7.4,230,1425,4.5,250,1612,2.2,1934,24.9,71,1447,86.6,31.6,1006.5,1012.5,2317,1009.8,1508,1011,13.6,5.8,1300,2.44,15.84,,,,,,6.8,4.1,27.8,22.6,,,,,,,,,,3,4.3,,
119,2020.8.17,28.1,25.1,2305,32.8,1524,,,,,,,5.4,290,1746,3.4,290,1750,1.5,1289,24.8,60,1332,83.4,31.3,1009.1,1014.9,955,1012.3,2,1013.6,13.5,8.4,1300,3.03,19.08,,,,,,4.3,3.8,28.8,22.7,,,,,,,,,,3.5,5,,
119,2020.8.18,26.9,23.1,508,32.2,1709,,,,,,,8.2,270,1833,2.9,250,1138,1.2,1073,23.6,55,1711,84.4,29.2,1008.7,1015,820,1011.2,1642,1013.2,13.5,8.4,1100,3.19,21.13,,,,,,3.3,2.6,28.4,20.4,,,,,,,,,,4,5.8,,0.92
119,2020.8.19,26.7,22.8,433,32.1,1355,,,,,,,7.4,290,1505,4.7,290,1514,1.7,1474,23.6,61,1421,84.6,29.1,1007.1,1013.1,556,1009.6,1734,1011.6,13.5,10.7,1400,2.76,21.87,,,,,,1.5,1.5,28.8,19.8,,,,,,,,,,4.1,5.9,,
119,2020.8.20,27.4,23.3,303,33,1528,,,,,,,6.1,290,1841,3.8,290,1849,1.4,1199,23.5,56,1541,81.5,29.1,1007.8,1013.7,2227,1010.3,1610,1012.4,13.4,9.8,1200,3.29,21.88,,,,,,3.6,2.6,29.1,20.6,,,,,,,,,,4.1,5.8,,0.53
119,2020.8.21,27.6,23.8,306,31.4,1326,0.9,0,,0,,0,7.6,290,1421,4.4,290,1437,1.5,1272,24.5,68,1607,83.8,30.8,1009.1,1014.8,1019,1012.7,1829,1013.6,13.4,6.6,1400,2.14,15.46,,,,,,6.5,2.5,29.3,21.2,,,,,,,,,,2.9,4.1,0,
119,2020.8.22,25,22,1937,29.4,1308,6.53,5.8,1928,11.6,1742,30.2,9.5,140,1328,5.6,140,1330,1.6,1347,23.4,75,1312,91.6,28.8,1007.7,1013.9,654,1010.3,1714,1012.3,13.4,0.8,1500,1.15,7.4,,,,,,9.1,6.8,25.8,20.6,,,,,,,,,,1.5,2.2,30.2,
119,2020.8.23,25.7,21.7,545,30.4,1448,,,,,,,7.4,250,1456,3.9,250,1515,1.3,1148,22.2,59,1644,83.1,26.8,1004,1010.9,1,1006.7,1809,1008.5,13.3,9.1,1300,3.22,20.91,,,,,,4.3,3.3,28.2,19.5,,,,,,,,,,4,5.7,,
119,2020.8.24,27.7,22.5,227,32,1237,,,,,,,7.4,250,1304,4.6,250,1501,1.6,1365,23.3,60,1243,78.3,28.7,1000.6,1007.5,19,1003.5,1615,1005.1,13.3,11.5,1100,2.84,21.5,,,,,,4.6,3.9,28.9,20.3,,,,,,,,,,4.2,6,,
119,2020.8.25,29.7,24.6,438,34.9,1515,0.72,0,,0,,0,8.1,200,1324,3.5,180,1242,1.7,1464,24.4,52,1214,75.1,30.5,1000.2,1006,2332,1003.6,1517,1004.6,13.2,10.5,1200,3.09,20.84,,,,,,3.6,1.6,30.4,21.9,,,,,,,,,,4.5,6.4,0,
119,2020.8.26,30.3,26.8,2300,34.2,1255,5.75,0.6,2238,1,2201,1,13.3,90,2237,8.1,90,2239,4.1,3535,24.1,57,1316,70.6,30.1,997,1005.8,1,996.8,2358,1001.5,13.2,7.9,1100,2.77,17.14,,,,,,6.9,4.1,29,24.1,,,,,,,,,,4.8,6.8,1.1,
119,2020.8.27,27.9,25.9,2131,30,1317,11.38,5.3,2034,8.3,2029,10.9,18.3,180,609,9.1,160,617,4.3,3715,24.8,71,610,84.3,31.4,996.7,1006.1,2339,993.9,344,1001.2,13.2,1.4,1400,1.29,7.85,,,,,,9.5,7.3,27.6,23.9,,,,,,,,,,1.8,2.5,12.2,
119,2020.8.28,27.7,25.5,143,30.9,1414,3.42,0.6,1251,0.9,1206,2.3,6.9,250,1448,4.1,270,1456,1.7,1479,25.9,77,1148,90.9,33.5,1002.6,1009.4,2357,1005.6,56,1007.1,13.1,4.3,1400,2.19,12.22,,,,,,8.9,7.8,29.2,24,,,,,,,,,,2.3,3.3,1.5,
119,2020.8.29,26.4,24.9,605,28.9,1238,9.07,3.3,1847,5.7,1641,18.3,5.9,250,1535,3.6,160,939,1.2,1004,25.6,86,1238,95.9,32.7,1004.5,1010.8,2247,1007.8,550,1009,13.1,2.5,800,1.19,7.69,,,,,,8.1,6.4,28.4,23.2,,,,,,,,,,1.2,1.7,17.8,
119,2020.8.30,26.8,24.8,520,30.9,1617,3.38,0.1,,0.1,,0.1,5.2,90,2023,3.2,90,2024,1.3,1106,25.2,77,1528,91.4,32,1006.9,1013.1,2304,1009.9,1721,1011.4,13.1,4.7,1300,1.92,11.96,,,,,,8,6.6,28.8,24.3,,,,,,,,,,2.4,3.4,0,
119,2020.8.31,27.4,24.5,328,30.8,1609,0.6,0.1,,0.2,,0.2,7.4,110,1327,4.6,140,2204,2.6,2256,23,66,1324,77.6,28.1,1007.5,1013.5,948,1010.4,1647,1012.1,13,2.9,1300,2.38,13.94,,,,,,7.6,5.9,27.2,22.5,,,,,,,,,,3.1,4.4,0.2,
119,2020.9.1,26.1,23.5,620,29.7,1405,2.5,0.3,2153,0.4,2106,0.4,5.9,290,1825,3.6,140,215,1.8,1587,22.1,65,1406,79.1,26.7,1004.7,1012,1,1007.6,1516,1009.2,13,1.2,1300,1.92,9.55,,,,,,8.3,5.8,27.1,22.1,,,,,,,,,,1.8,2.5,1.4,
119,2020.9.2,24.3,22.8,2356,26,1025,22.93,1.3,1724,5.2,2331,17.9,11.3,340,2351,5.2,340,2353,1.7,1487,23.7,90,1030,96.9,29.3,998.5,1008.2,1,993.8,2356,1003,12.9,0,1300,0.54,3.3,,,,,,10,6.6,25,21.9,,,,,,,,,,0.8,1.2,48,
119,2020.9.3,22.7,19.7,2400,26.3,1512,9.53,2.3,26,7,1,31.5,18.2,340,726,9.9,320,731,5.1,4448,19.8,64,1436,84.6,23.1,993.6,1008.6,2359,985.7,456,998.1,12.9,6.2,1400,2.22,14.63,,,,,,6.5,5.6,24,17.4,,,,,,,,,,3,4.3,0.4,
119,2020.9.4,23.1,19.1,39,27.4,1401,,,,,,,7.8,250,915,4.5,250,1127,1.9,1645,17.9,48,1553,75,20.5,1007.8,1014.6,2332,1008.5,37,1012.4,12.9,11.9,1300,2.67,20.15,,,,,,1.1,1.1,24.7,16.1,,,,,,,,,,3.7,5.3,0,
119,2020.9.5,23.3,19.3,45,27.5,1509,0.25,0,,0,,0,5.4,110,1602,3.5,140,1650,1.5,1327,17.9,55,1639,72.3,20.5,1009,1015.1,1103,1012.2,1847,1013.6,12.8,3.7,1100,2.08,13.12,,,,,,8.5,0.9,23.3,15.2,,,,,,,,,,2.5,3.5,0,
119,2020.9.6,21.4,18.9,2355,25,1440,10.38,1.6,2206,4.3,2137,9.4,7.4,50,2231,3.2,70,2228,1.5,1294,18.2,67,1134,82.9,20.9,1004.4,1013.4,102,1003.8,2359,1009,12.8,0,1300,1.18,7.11,,,,,,9.5,3.6,22,16.4,,,,,,,,,,1.4,2,41,
119,2020.9.7,19.5,16.7,733,22.4,2317,21.67,2.5,631,10.1,631,59.9,13.6,270,2111,8.1,250,2114,4.4,3831,18.7,79,2313,95.4,21.6,988.6,1003.8,1,984.7,1221,993.1,12.8,0,1200,0.86,3.82,,,,,,10,6.9,19.6,16.3,,,,,,,,,,1.2,1.7,28.3,
119,2020.9.8,23.3,21,444,26.9,1412,,,,,,,10.8,250,150,6.1,270,1135,3.4,2950,19.1,54,1648,78.1,22.1,1004.8,1012.6,2154,1000.3,1,1009.4,12.7,10.1,1200,2.83,20.01,,,,,,3.6,3,24.5,17.5,,,,,,,,,,3.6,5.1,2,
119,2020.9.9,20.5,17.6,2238,25.3,1306,5.53,3.3,1724,5.1,1710,10.8,7.3,290,1505,4.4,290,1510,1.6,1391,19.1,72,1308,92.3,22.1,1005.5,1012.5,31,1008,1552,1010.1,12.7,2,1200,1.64,8.87,,,,,,8.4,6.3,22.1,15,,,,,,,,,,1.6,2.3,8.8,
119,2020.9.10,22.3,18.1,1,27.6,1620,0.92,0,,0,,0,5,230,1337,2.7,160,853,1.2,1037,19.6,57,1435,86.1,22.8,1004.7,1011.8,2358,1007.9,403,1009.3,12.6,6.8,1400,1.91,13.92,,,,,,6.3,3.5,23.4,15.6,,,,,,,,,,2.5,3.6,,
119,2020.9.11,22.2,18.5,2340,26.3,1102,9.75,0.9,2253,3.6,2229,6.3,7.1,140,1304,4.4,110,1100,1.8,1586,18.6,61,1106,81.4,21.5,1009.8,1016.6,2247,1011.7,23,1014.3,12.6,3.7,1100,1.88,9.93,,,,,,7.9,4.5,22.9,15.5,,,,,,,,,,1.9,2.7,13,
119,2020.9.12,20,17.8,347,22.1,1410,18.5,0.6,309,2.4,116,8.3,7.2,50,3,3,70,4,1.2,1076,18.2,80,2154,90.1,20.9,1011.3,1017.1,2111,1014.8,1437,1015.9,12.5,0,1400,1.22,7.47,,,,,,9.5,7.3,21.4,16,,,,,,,,,,1.6,2.2,1.6,
119,2020.9.13,21.3,16.8,601,26.6,1444,,,,,,,6.1,270,1817,3.6,270,1818,1.5,1289,16.2,52,1344,74.4,18.5,1011.1,1017.1,706,1014.1,1556,1015.7,12.5,10.5,1200,2.95,20.19,,,,,,1.9,1.9,24,13,,,,,,,,,,3.5,4.9,,
119,2020.9.14,21,16.1,616,26,1337,,,,,,,6.8,290,1638,4.2,290,1619,1.4,1252,18.4,63,1345,86.5,21.2,1010,1015.7,735,1012.9,1546,1014.6,12.5,10.3,1100,2.46,17.45,,,,,,3.5,1.5,23.7,12.4,,,,,,,,,,2.8,4,,
119,2020.9.15,22.6,18.7,452,27.4,1511,,,,,,,5,110,1011,3.5,250,1753,1.2,995,19.3,55,1528,83.5,22.4,1008.1,1014.9,1,1010.9,1843,1012.7,12.4,7.2,1300,2.67,17.1,,,,,,6.9,3.9,24.4,14.9,,,,,,,,,,2.8,4.1,,
119,2020.9.16,21.8,19.7,2343,25.4,1209,1.28,0,,0,,0,7.6,180,1352,5.2,200,1326,1.8,1571,20,70,1217,89.9,23.4,1005.3,1011.4,103,1008.3,1644,1009.8,12.4,1,1100,1.44,8.09,,,,,,8.4,5.9,22.9,15.7,,,,,,,,,,1.3,1.9,0,
119,2020.9.17,20.8,18.8,2230,24,1239,,,,,,,4.9,290,1610,2.9,270,1524,1.3,1122,17.2,49,1631,82,19.8,1005.9,1011.3,1015,1009.3,1318,1010.5,12.4,0.4,1200,1.69,8.18,,,,,,8.9,4,21.6,15,,,,,,,,,,1.8,2.6,,
119,2020.9.18,21.2,17.7,554,26,1326,,,,,,,11.3,270,1549,6.3,270,1549,2.2,1913,15.7,34,1427,75.4,18.1,1008.6,1015.6,2332,1011,347,1013.2,12.3,10.9,1200,2.93,21.21,,,,,,2.4,0.5,23.4,13.9,,,,,,,,,,4.4,6.2,10,
119,2020.9.19,19.8,15.7,705,26.3,1419,5.08,3.7,624,7.3,613,10.2,8.1,250,1601,4.9,250,1409,1.9,1653,14.7,33,1546,75.8,16.8,1010.8,1016.7,800,1014,1426,1015.4,12.3,8.4,1200,2.86,17.41,,,,,,3.4,3.4,20,11.1,,,,,,,,,,3.5,5,0.2,
119,2020.9.20,18.6,13.5,304,24.9,1503,,,,,,,7.5,270,1447,4.4,270,1712,1.4,1225,12.6,34,1448,71.9,14.7,1012.7,1019,2253,1016.2,341,1017.3,12.2,11.7,1200,2.92,20.68,,,,,,0,0,20,8.8,,,,,,,,,,3.8,5.4,,
119,2020.9.21,18.3,12.6,440,24.6,1551,,,,,,,4.6,90,1300,2.8,110,1215,0.9,753,12.9,39,1317,74,14.9,1013.7,1020,1001,1016.9,1639,1018.4,12.2,10.2,1200,2.67,18.27,,,,,,5.4,0.5,19.6,7.6,,,,,,,,,,3.1,4.4,,
119,2020.9.22,19.9,15,531,25.1,1547,,,,,,,7.7,90,2056,4,70,2104,2,1700,12.2,39,1405,63,14.2,1014.1,1020.6,906,1016.6,1609,1018.8,12.2,9.5,1200,2.92,19.81,,,,,,4.4,1.5,20.8,10.4,,,,,,,,,,3.9,5.6,,
119,2020.9.23,19.4,15.7,411,23.5,1416,,,,,,,7.6,90,1228,4.4,110,1609,2.2,1899,12.1,55,1548,62.9,14.2,1013.5,1019.3,41,1016.7,1607,1018.1,12.1,6,1200,2.33,13.29,,,,,,8,2.5,19.1,12,,,,,,,,,,2.9,4.1,,
119,2020.9.24,21.1,17.6,612,25.7,1336,,,,,,,9.1,70,1213,5.1,70,1138,2.5,2149,13.2,51,1440,61.4,15.2,1010.5,1017.9,1,1012.9,1609,1015.2,12.1,8.7,1100,2.75,18.27,,,,,,6,3.8,22.1,14.7,,,,,,,,,,3.6,5.2,,
119,2020.9.25,20.6,14.9,448,25.5,1410,,,,,,,8.6,20,1400,4.2,70,1612,1.8,1589,13.8,52,1454,66.4,15.8,1008.9,1015.6,2302,1011.7,1601,1013.5,12,7.8,1000,2.39,15.46,,,,,,3.5,2.5,21.4,10.9,,,,,,,,,,3.3,4.6,,
119,2020.9.26,20,15.7,625,24.9,1507,,,,,,,8.7,70,1628,3.9,70,1254,2.1,1793,12.6,48,1618,63.1,14.6,1012,1018.8,2358,1015,258,1016.6,12,9.8,1100,2.59,16.99,,,,,,2.8,0.5,20.9,10.5,,,,,,,,,,3.3,4.7,,
119,2020.9.27,20,15.4,459,26,1459,,,,,,,4.9,110,1404,2.9,110,1117,1.3,1082,13.9,43,1622,70,15.9,1014,1020.3,837,1016.8,1650,1018.7,12,10.8,1200,2.79,18.7,,,,,,0.5,0.5,22.2,10.6,,,,,,,,,,3.1,4.4,,
119,2020.9.28,19.6,14.1,605,26,1458,,,,,,,5.5,230,1525,3.4,230,1528,1.1,947,14.8,43,1501,76.5,16.8,1012.1,1019.1,739,1014.6,1956,1016.8,11.9,11.2,1100,2.63,18.57,,,,,,0.8,0.6,22.3,9.3,,,,,,,,,,3.2,4.5,,
119,2020.9.29,18.9,13.9,647,24.4,1403,,,,,,,6,320,1136,3.8,320,1552,1.2,1025,14.1,44,1432,76.5,16.1,1007.2,1015.3,1,1009.4,1553,1011.9,11.9,6.8,1100,2.42,14.2,,,,,,6,0.3,20.3,8.9,,,,,,,,,,2.5,3.6,,
119,2020.9.30,18.8,14.6,441,24.9,1309,1.83,4.3,1555,8.7,1519,8.7,9,20,1503,3.5,290,1550,0.8,730,16.5,55,1333,87.8,18.8,1006.2,1012.2,2249,1009.4,1432,1010.8,11.8,5.8,1300,2.41,13.02,,,,,,5.6,3.4,20.3,11.4,,,,,,,,,,2.1,3,8.7,
119,2020.10.1,18.7,15.1,556,24.3,1444,,,,,,,8.4,290,1618,4.7,290,1623,1.6,1373,15.4,58,1506,82.1,17.5,1009,1014.9,927,1011.8,22,1013.7,11.8,5.7,1300,1.77,11.81,,,,,,6.4,5.6,19.3,12.2,,,,,,,,,,2.1,3,,
119,2020.10.2,19.2,14.5,517,23.8,1259,0.83,0,,0,,0,7.5,270,1259,4.6,230,1248,1.8,1529,16.2,60,1308,84.3,18.5,1010.5,1015.9,2351,1014.1,1334,1015.1,11.8,5.7,1200,2.02,10.2,,,,,,6.9,5.8,18.8,11.3,,,,,,,,,,1.8,2.5,21.9,
119,2020.10.3,19.6,16.9,723,23.8,1350,2.75,10.6,232,20.8,225,21.9,4.7,290,1701,2.7,290,1613,0.9,803,15.8,54,1251,81,18.1,1010.5,1017.1,942,1013.9,1535,1015.2,11.7,3.4,1200,2.27,10.71,,,,,,8.5,4.4,20.3,16.2,,,,,,,,,,1.8,2.6,0,
119,2020.10.4,17.1,11.5,2340,22,1304,1.67,0,,0,,0,12.9,320,1727,7.5,290,1729,2.6,2272,11.5,51,1357,71,14,1008.3,1016.5,2358,1009.5,1645,1013,11.7,4.9,1100,2.68,13.2,,,,,,7.3,4.8,17.9,8.5,,,,,,,,,,2.8,4,,
119,2020.10.5,13.6,7.4,625,18.3,1349,,,,,,,9.3,290,1106,5.4,320,1056,2.1,1831,5.9,45,1106,61.3,9.3,1013.6,1020.7,2354,1016.5,1,1018.4,11.6,9.4,1200,2.72,15.6,,,,,,2.3,0.6,15.1,3.1,,,,,,,,,,2.9,4.1,,
119,2020.10.6,13.7,7.5,524,19.8,1449,,,,,,,6.1,290,1242,3.7,290,1430,1.5,1336,6.6,32,1558,65.6,9.8,1017.9,1025.2,2333,1020.7,1,1022.7,11.6,10.6,1200,2.67,18.31,,,,,,2.5,0,15.7,2.6,,,,,,,,,,3.2,4.6,,
119,2020.10.7,15.4,8.6,530,21.7,1424,,,,,,,6.4,90,1432,3.6,110,1106,1.2,1028,6.9,28,1432,60.8,10,1021.2,1027.5,854,1024.1,1438,1025.9,11.6,8.2,1200,2.53,15.4,,,,,,4.8,1.1,16.4,4.9,,,,,,,,,,2.8,4,,
119,2020.10.8,17.3,10.8,505,23.4,1547,,,,,,,9.1,90,1710,5.2,90,1629,2.3,1946,8.2,33,1556,57.6,11,1022.1,1029.1,913,1024.4,1648,1026.8,11.5,10.8,1200,2.7,18.2,,,,,,0.8,0,17.4,6.3,,,,,,,,,,3.9,5.6,,
119,2020.10.9,17.3,10.2,559,23.5,1550,,,,,,,9.1,110,1222,5.1,110,1332,2.3,1955,8.9,43,1552,58.9,11.4,1018.7,1026.8,1,1020.1,1726,1023.4,11.5,10.5,1200,2.62,17.82,,,,,,2.4,0,17.6,5.8,,,,,,,,,,3.4,4.9,,
119,2020.10.10,16.6,10.3,604,21.5,1431,,,,,,,5.6,50,1701,2.8,90,914,1.3,1091,10,45,1328,66.9,12.3,1015.2,1022.5,19,1017.2,1811,1020,11.5,8.2,1100,2.57,15.44,,,,,,4.5,0,17.7,5.7,,,,,,,,,,2.6,3.7,,
119,2020.10.11,16.2,12.9,557,20.6,1131,,,,,,,6,110,855,3.7,90,949,1.3,1133,12,57,1133,77.5,14.1,1011.7,1019,6,1014.3,1715,1016.4,11.4,4.7,1000,2.16,10.1,,,,,,6.3,1.5,16.4,8.4,,,,,,,,,,1.5,2.2,,
119,2020.10.12,15.4,11.5,2351,21.2,1249,,,,,,,7.8,290,1419,5.1,290,1426,1.6,1373,11.7,54,1340,80.3,14,1011,1018.4,2354,1014.1,1513,1015.8,11.4,8.2,1000,2.02,12.95,,,,,,3.3,3,16.5,6,,,,,,,,,,2.3,3.2,,
119,2020.10.13,12.4,6,553,18.2,1459,,,,,,,6.8,290,1337,4.3,320,1337,1.4,1178,5,35,1502,64.5,8.8,1016.6,1023.7,2150,1018.2,3,1021.4,11.3,7.8,1300,2.07,13.26,,,,,,4.8,0,14.1,0.5,,,,,,,,,,2.3,3.2,,
119,2020.10.14,12.9,8.2,231,19.5,1410,,,,,,,8.6,290,1357,4.8,290,1404,1.7,1502,3.2,26,1508,56.1,8.1,1020.5,1026.9,2234,1023.4,1,1025.3,11.3,6.9,1200,2.26,12.84,,,,,,6,2.1,14.2,4.2,,,,,,,,,,2.7,3.9,,
119,2020.10.15,11.2,6,458,18.4,1415,,,,,,,4.5,290,1553,3,270,1613,1.1,966,1.7,26,1442,54.5,7,1021.5,1028.1,826,1024.3,1531,1026.4,11.3,6.9,1100,2.47,14.48,,,,,,6.5,0,13.2,1.4,,,,,,,,,,2.5,3.6,,
119,2020.10.16,11.6,6.5,323,16.1,1400,,,,,,,4.3,290,1249,2.7,290,1249,0.8,653,6.6,50,1104,73.1,9.8,1019.4,1026.5,849,1022.3,1729,1024.3,11.2,0,1000,1.01,6.06,,,,,,8,4,11.8,2.6,,,,,,,,,,1.2,1.7,0.3,
119,2020.10.17,12.5,7.9,2400,18.6,1408,0.75,0.2,,0.3,305,0.3,6,320,1510,3.9,320,1257,1.2,1043,7.5,33,1656,75,10.5,1018.8,1025,2222,1022,1619,1023.6,11.2,10.3,1200,2.51,15.98,,,,,,1.3,1.3,15,2.9,,,,,,,,,,2.6,3.8,,
119,2020.10.18,12.6,5.7,408,19.5,1350,,,,,,,6.9,250,1556,4.4,250,1603,1.2,1004,8.6,45,1302,78.9,11.2,1019.6,1026.3,857,1022.7,1444,1024.4,11.1,9.9,1100,2.37,14.46,,,,,,0.5,0.5,13.5,0.4,,,,,,,,,,2.3,3.3,,
119,2020.10.19,14,7.1,431,21,1434,,,,,,,6.4,290,1521,3.5,290,1529,1.1,992,10.5,47,1341,82.6,12.8,1020.5,1027.1,2343,1023.4,1503,1025.3,11.1,9.5,1200,2.29,14.54,,,,,,0.3,0.3,15,2.8,,,,,,,,,,2.3,3.3,,
119,2020.10.20,13.8,7.3,621,21.6,1438,,,,,,,5.1,250,1545,2.9,270,1548,0.9,790,9,38,1511,77.6,11.6,1021.1,1028.9,839,1023.1,1738,1025.9,11.1,9.7,1200,2.28,14.52,,,,,,2.1,1.8,15.2,2.9,,,,,,,,,,2.3,3.3,,1.67
119,2020.10.21,14,9.9,2,17.3,1557,,,,,,,4.9,180,1204,3.1,160,1206,1.1,959,10.2,62,1123,78.8,12.4,1014.4,1023.8,1,1016.1,2337,1019.2,11,0,1000,0.73,4.83,,,,,,8,5.6,13.3,5.3,,,,,,,,,,1,1.4,,
119,2020.10.22,13.2,8.1,2315,18.8,1210,,,,,,,9.4,290,2103,5.4,320,2047,2.4,2039,7.5,41,1407,71,10.8,1009.4,1016.1,1,1012.1,1512,1014.2,11,6.2,1300,2.06,10.24,,,,,,4,3.5,14.1,2.4,,,,,,,,,,2.5,3.6,,
119,2020.10.23,8.7,5.1,2351,12.9,1610,,,,,,,9.3,290,1407,5.5,250,1313,2.9,2485,0,38,1738,55.6,6.1,1010.8,1017.4,2300,1014.3,1517,1015.7,11,10.3,1200,2.41,16.09,,,,,,0,0,11,-2.3,,,,,,,,,,2.7,3.9,,
119,2020.10.24,8.5,3.1,149,14.1,1544,,,,,,,10.7,320,1152,5.8,320,1205,2.1,1778,-0.6,30,1308,55.9,6,1014.7,1021,903,1017.3,1,1019.5,10.9,10.3,1200,2.44,15.89,,,,,,0,0,10,-2.4,,,,,,,,,,2.6,3.8,,
119,2020.10.25,10.8,3.7,654,18,1213,,,,,,,7.6,270,1150,3.8,290,1127,1.3,1113,5.6,44,1249,73.8,9.1,1015.8,1022.2,902,1018.9,1504,1020.6,10.9,9,1100,2.36,13.78,,,,,,2.9,0,12.3,-1.5,,,,,,,,,,2.1,3,,
119,2020.10.26,11.4,5,529,18.9,1324,,,,,,,6.1,270,1633,3.6,270,1334,1.1,926,7.5,48,1347,79.6,10.4,1015.7,1022.3,850,1018.8,1602,1020.5,10.8,9,1100,2.09,12.77,,,,,,1.5,0.1,12.9,-0.2,,,,,,,,,,1.9,2.7,,
119,2020.10.27,12.6,6.6,351,19.5,1429,,,,,,,5.7,340,1552,4,250,1458,1,879,9.3,50,1432,83,11.8,1016.8,1022.9,830,1020.5,53,1021.6,10.8,8.5,1200,1.98,12.11,,,,,,1.3,1,13.2,1.8,,,,,,,,,,1.8,2.6,,
119,2020.10.28,13.6,9.3,2334,19,1330,,,,,,,8.2,250,1423,5.3,250,1456,1.9,1652,5.1,26,1315,61.1,9.3,1018.3,1025.2,2300,1021.3,1423,1023.1,10.8,9.5,1200,2.25,14.28,,,,,,3.8,2.3,14.6,2.1,,,,,,,,,,3,4.2,,
119,2020.10.29,9.5,2.2,623,16.4,1443,,,,,,,6.3,320,1456,3.7,290,1447,1.2,1037,0.5,27,1230,56.9,6.4,1019.6,1026.5,816,1022.7,1443,1024.4,10.7,9.3,1200,2.21,14.19,,,,,,3.6,0,11.8,-3.5,,,,,,,,,,2.4,3.5,,
119,2020.10.30,10.4,3.1,623,19,1443,,,,,,,4,110,1220,2.5,140,1229,0.9,752,2,26,1540,60.4,7.1,1020.9,1027.4,2252,1023.8,52,1025.8,10.7,9.8,1200,2.17,13.83,,,,,,0.3,0,11.7,-2.4,,,,,,,,,,2.4,3.4,,
119,2020.10.31,12.9,5.7,17,18.6,1257,,,,,,,7.1,270,1442,4.1,270,1424,1.6,1373,6.7,49,1353,66.9,9.8,1019.9,1027.5,228,1022,2211,1024.7,10.7,7.8,1200,2.17,11.58,,,,,,4.5,2.5,12,-0.2,,,,,,,,,,1.9,2.8,0.9,
119,2020.11.1,12.9,11.7,829,13.8,1418,6.58,,,,,3.4,6.7,200,1211,3.7,180,1215,1.5,1315,11.3,70,1,91.5,13.5,1015.4,1022.2,1,1018.3,1425,1020.2,10.6,0,1200,0.43,1.29,,,,,,9.8,7.1,12.2,10.3,,,,,,,,,,0.4,0.6,2.5,
119,2020.11.2,10.7,5.8,732,16.2,1425,0.93,,,,,0.3,8.4,250,2347,4.8,270,2351,1.7,1460,4,26,1258,69.4,8.5,1016,1022.5,849,1019.6,2304,1020.9,10.6,9.6,1100,2.21,13.7,,,,,,3.4,2.9,12,1.6,,,,,,,,,,2.8,4,1.7,5.5
119,2020.11.3,5.4,2.5,2358,9,1,1.57,,,,,1.4,13.4,290,1226,8.1,320,1311,3.6,3106,-3.9,37,1308,52.1,4.7,1017.8,1024.5,2229,1019.7,19,1022.8,10.6,9.8,1200,2.23,14.23,,,,,,1.8,1.8,7.8,-2.2,,,,,,,,,,2.3,3.3,,
119,2020.11.4,4.9,-0.4,417,10.7,1537,,,,,,,9,290,1421,5.1,320,1423,1.9,1667,-5.8,24,1209,48.9,4.1,1021.3,1028.3,857,1024.3,1,1026.2,10.5,10,1200,2.34,14.52,,,,,,0,0,6,-5.4,,,,,,,,,,2.3,3.3,,
119,2020.11.5,8.6,0.7,545,15.5,1432,,,,,,,4.4,140,1221,2.6,160,1156,0.9,735,2.8,42,1456,69,7.6,1022.6,1029.5,913,1025.8,1515,1027.5,10.5,7.6,1200,2.1,12.11,,,,,,3.8,2.3,9.2,-3.5,,,,,,,,,,1.7,2.5,,
119,2020.11.6,12.9,8.6,359,16.8,1506,,,,,,,4.1,180,1547,2.8,200,1601,1,849,5.6,39,1331,62.5,9.2,1016.9,1026.3,1,1019,1708,1021.7,10.5,0.3,1400,0.85,4.67,,,,,,7.3,6.4,11.6,7.1,,,,,,,,,,1.1,1.5,,
119,2020.11.7,13.3,9,2400,17.5,1236,,,,,,,9.4,320,1532,5.8,290,1300,2.2,1892,8.3,37,1253,74.6,11.1,1013.7,1020,2218,1017.2,1343,1018.5,10.4,7,1200,2.01,11.01,,,,,,2.6,2.6,12.9,3.4,,,,,,,,,,2.2,3.1,,
119,2020.11.8,8.3,3.7,2358,12.4,1319,,,,,,,10.8,250,1511,6.3,290,1236,2.9,2493,-3.4,21,1225,50,5.3,1018.1,1026.7,2239,1019.6,348,1023,10.4,9.7,1200,2.25,13.76,,,,,,0,0,9.2,-1.5,,,,,,,,,,3.1,4.4,,
119,2020.11.9,5.9,0.9,456,9.8,1437,0.62,0,,0,,0,7.7,290,1204,4.4,320,1218,1.4,1198,-5.7,24,1202,44.6,4.1,1021.2,1027.9,915,1024.6,1724,1026.1,10.4,6.8,1100,2.07,10.76,,,,,,3.6,3.6,6.8,-5.4,,,,,,,,,,1.7,2.5,0,
119,2020.11.10,6.7,-0.1,534,13.3,1359,,,,,,,8.5,320,1121,4.8,320,1209,1.7,1466,0,34,1226,66.5,6.2,1024,1030.7,2301,1026.2,1,1028.9,10.3,9.8,1200,2.1,12.74,,,,,,0,0,7.5,-5.9,,,,,,,,,,2.1,3,,
119,2020.11.11,7.9,0.8,656,16.4,1511,,,,,,,4.5,290,1711,2.9,270,1713,0.8,691,2.5,34,1549,73.4,7.4,1027.2,1033.6,1007,1030.7,1,1032.2,10.3,9.5,1200,2,12.03,,,,,,0,0,8.5,-4.5,,,,,,,,,,1.8,2.6,,
119,2020.11.12,9,1.8,437,17.8,1447,,,,,,,4.5,290,1709,2.5,290,1709,0.9,742,2.5,32,1514,68.9,7.4,1025.8,1032.8,200,1028.3,1541,1030.7,10.3,9.5,1200,1.98,11.65,,,,,,1.4,0.9,9,-3.7,,,,,,,,,,1.9,2.8,,
119,2020.11.13,10.2,4.8,328,17,1515,,,,,,,5.1,250,1538,3,250,1545,0.8,731,6.6,61,1201,80.1,9.9,1024.2,1030.3,921,1027.3,1440,1029.1,10.2,5.2,1200,1.7,7.81,,,,,,2.1,2.1,9.1,0.2,,,,,,,,,,1.2,1.6,,
119,2020.11.14,10.6,3.6,729,18.8,1432,,,,,,,6.5,140,1319,3.9,110,1037,1,904,6,40,1437,77.8,9.4,1024.7,1031.6,900,1028.1,1527,1029.6,10.2,7.7,1200,1.95,11,,,,,,3.6,2.5,11,-0.4,,,,,,,,,,1.8,2.6,,6.63
119,2020.11.15,9.9,4.5,631,16.7,1340,,,,,,,6.3,290,1324,4.3,290,1330,1,901,7.3,59,1622,85.8,10.3,1022.9,1029.2,849,1026.6,1503,1027.8,10.2,8.8,1200,1.64,9.66,,,,,,1.4,0.9,9.7,-0.4,,,,,,,,,,1.4,2,,
119,2020.11.16,11.5,5.4,352,17.9,1449,,,,,,,4.6,110,1234,3,110,1235,0.9,738,7.2,50,1450,77.9,10.2,1021.6,1028.5,918,1024.6,1629,1026.5,10.2,7.8,1200,1.65,9.81,,,,,,2.3,0,10.2,1.2,,,,,,,,,,1.6,2.3,,
119,2020.11.17,16,10.5,424,19.9,1322,3.38,,,,,0.4,6.1,140,1054,4.2,140,1056,2,1728,10.3,56,1228,70,12.7,1019,1026.2,30,1021.8,1507,1023.7,10.1,2.3,1000,1.2,5.65,,,,,,7.8,6.1,12.6,5,,,,,,,,,,1.2,1.7,3.3,
119,2020.11.18,17.3,14.5,48,19.7,1414,6.8,,,,,5.1,6,140,2121,3.9,140,2125,1.7,1487,15.7,78,1355,91.3,17.8,1011.3,1022.2,4,1009.9,2352,1016,10.1,0,1000,0.49,2.89,,,,,,9.1,6,14.7,12,,,,,,,,,,0.8,1.1,41.3,
119,2020.11.19,14.2,7.8,2358,20.7,620,13.82,,,,,43.3,13.4,230,555,6.3,180,517,4.5,3847,12.6,81,2104,90.4,15.4,1004.1,1014.4,2301,1003.7,752,1008.8,10.1,0,1100,0.11,0.45,,,,,,9.6,8.3,14.1,6.9,,,,,,,,,,0.6,0.8,4.2,
119,2020.11.20,3.5,-0.5,2341,7.8,1,3.42,,,,,0,9,270,143,5.4,270,2,3.2,2780,0.2,70,1727,79.1,6.3,1015.2,1025.8,2335,1014.2,1,1020.1,10.1,0,1300,0.44,2.15,,,,,,7.6,7.6,5.8,-3.9,,,,,,,,,,0.6,0.9,,
119,2020.11.21,6.7,-1.2,239,12.7,1438,1.25,,,,,0,8,110,1246,5.3,140,1246,1.6,1370,1.8,53,1439,72.3,7.1,1019,1026.5,851,1021.7,2236,1023.9,10,7.5,1200,2.03,10.74,,,,,,5.1,1.6,6.6,-5.1,,,,,,,,,,1.4,1.9,2.9,
119,2020.11.22,6,1.7,2355,9.2,14,8.5,,,,,2.9,8.8,290,1759,5.2,320,1807,2.2,1862,3.1,69,1443,82.4,7.8,1018.3,1026.9,2348,1020.9,501,1023.2,10,0.2,1200,0.57,2.88,,,,,,7.3,5,7,-1.1,,,,,,,,,,0.8,1.1,0,
119,2020.11.23,1.8,-0.8,2310,5.8,1343,,,,,,,7,250,1333,3.7,320,1138,2,1766,-4.4,41,1301,64.5,4.4,1023.8,1030.2,2338,1026.6,22,1028.8,10,9.3,1100,1.91,11.72,,,,,,0,0,3,-5.2,,,,,,,,,,1.4,2,,
119,2020.11.24,3.4,-1.3,100,8.4,1520,,,,,,,4.9,290,1358,3.1,290,1401,1.2,1024,-4.2,33,1406,58.9,4.5,1023.9,1030.5,913,1027.2,1523,1028.9,10,5.1,1100,1.8,8.6,,,,,,4.8,4.3,4.1,-5.3,,,,,,,,,,1.2,1.7,,
119,2020.11.25,4.2,-1.4,459,10.4,1445,,,,,,,7.6,320,1521,4.1,290,1536,1.1,978,-1,43,1137,70.9,5.8,1022.9,1029.6,931,1026.3,1746,1027.9,9.9,9,1200,1.81,10.46,,,,,,2.6,1,4.3,-5.6,,,,,,,,,,1.3,1.9,,
119,2020.11.26,5.4,0.8,253,11,1450,,,,,,,5.4,250,1234,3.1,250,1539,1.1,992,0.4,42,1352,72.6,6.3,1022.2,1028.6,932,1025.5,1430,1027.2,9.9,6.1,1200,1.76,9.14,,,,,,5.5,2,5,-3.1,,,,,,,,,,1.4,2,,
119,2020.11.27,4.3,0.5,2355,7.5,1050,,,,,,,10.5,290,1312,5.9,270,1217,2.6,2251,-1.8,51,1041,65.6,5.4,1021.5,1028.7,2351,1024.2,1446,1026.5,9.9,6.4,1100,1.49,7.68,,,,,,3.6,3,4,-3.9,,,,,,,,,,1.4,1.9,,
119,2020.11.28,0.4,-1.8,712,3.7,1325,,,,,,,10,270,1343,5.4,270,1349,2.6,2226,-7.5,32,1302,56.1,3.5,1024.4,1031.7,1037,1028.3,1624,1029.5,9.9,8.3,1200,1.95,10.95,,,,,,3,1.5,1.7,-5.9,,,,,,,,,,1.4,2,,
119,2020.11.29,-0.3,-3.2,536,2.8,1259,2.5,,,,,0,6,320,1214,3.8,290,1219,1.3,1104,-4.6,53,1035,73.6,4.4,1025.4,1033.3,2353,1028.2,158,1030.4,9.8,1.2,1100,1,4.83,,,,,,5.4,4.4,1.2,-8.3,,,,,,,,,,0.6,0.9,0,
119,2020.11.30,-0.3,-5,527,4.7,1316,,,,,,,8.4,230,1457,4.1,290,1124,1.5,1306,-5.9,37,1343,67.4,3.9,1030.2,1037.4,2325,1033.2,1,1035.3,9.8,9.2,1200,1.85,10.99,,,,,,0,0,1.4,-10.2,,,,,,,,,,1.3,1.8,,
119,2020.12.1,1.6,-4.2,409,6.5,1457,,,,,,,6.8,290,1350,4.6,320,1357,1.5,1297,-8.9,21,1559,48.9,3.2,1030.6,1038.4,937,1033.6,2240,1035.7,9.8,8.3,1200,1.86,10.47,,,,,,4.1,0,1.3,-9.2,,,,,,,,,,1.7,2.4,,
119,2020.12.2,3.2,0.4,2356,8,1418,,,,,,,5.8,320,1422,3.4,320,1424,1.6,1420,-8.1,21,1423,44.1,3.3,1026,1034,1,1028.9,1442,1031.1,9.8,5.1,1300,1.83,8.1,,,,,,5.9,4.5,2.9,-4.8,,,,,,,,,,1.6,2.2,,
119,2020.12.3,1.3,-2,2400,5,1348,,,,,,,9,290,1441,4.6,290,1533,2.1,1855,-8,34,1529,50.5,3.3,1025.1,1031.7,2155,1029,435,1030.2,9.8,9,1200,1.84,10.66,,,,,,1.5,0.4,1.4,-6.4,,,,,,,,,,1.5,2.1,,
119,2020.12.4,-0.3,-4.9,628,5.2,1449,,,,,,,6.9,320,1507,3.8,290,1458,1.5,1326,-7.6,29,1450,60.9,3.5,1025.6,1032.3,1019,1029,1409,1030.7,9.7,9.2,1200,1.87,10.62,,,,,,1,0.8,0.4,-10.2,,,,,,,,,,1.3,1.9,,
119,2020.12.5,1.9,-3,511,7,1417,,,,,,,4.3,320,1529,3.1,320,1537,1,826,-2.2,56,1528,73.9,5.2,1025.1,1031.7,902,1028.9,1525,1030.2,9.7,5,1200,1.34,6.63,,,,,,6.4,6,2.1,-7.9,,,,,,,,,,0.8,1.1,,
119,2020.12.6,3.5,-0.2,644,9,1438,,,,,,,6.2,320,1527,3.7,290,1544,1.1,985,-0.1,54,1535,78.6,6.1,1023.6,1030.1,10,1027.2,1737,1028.6,9.7,4.6,1200,1.66,6.72,,,,,,4.3,3.8,2.6,-4.8,,,,,,,,,,0.9,1.3,,
119,2020.12.7,3.4,-0.7,2324,7.5,1325,,,,,,,10.1,340,1334,6,320,1343,2.1,1831,-3.2,40,1604,63.8,4.9,1023.6,1030.1,2109,1026.9,1401,1028.6,9.7,5.7,1300,1.33,7.2,,,,,,4.9,3.8,2.7,-6,,,,,,,,,,1.3,1.8,,
119,2020.12.8,-0.7,-4,734,4.5,1454,,,,,,,5.6,270,1659,3.2,270,1629,1.4,1252,-8.4,26,1457,58.4,3.3,1024.3,1031.2,751,1028,1350,1029.4,9.7,8.9,1200,1.83,10.66,,,,,,1.3,0,0.7,-9.2,,,,,,,,,,1.3,1.8,,
119,2020.12.9,1,-6.4,534,5.8,1340,,,,,,,4.7,140,1248,2.3,160,952,0.9,782,-5.6,35,1214,63.6,4,1022.1,1029.8,212,1024.6,2338,1027.1,9.7,6,1200,1.68,8.42,,,,,,4,2.6,0.4,-11.1,,,,,,,,,,1,1.4,0,
119,2020.12.10,5.5,2.4,153,9.5,1413,1.83,,,,,0,5.7,270,1412,2.3,160,1018,1,864,0.5,57,922,70.9,6.5,1017.9,1024.7,1,1021.4,1411,1022.8,9.7,1.5,1100,1.15,4.27,,,,,,7.6,6.9,3.7,-1.6,,,,,,,,,,0.7,1,,
119,2020.12.11,4.9,0.2,546,9.8,1357,,,,,,,5.9,270,1500,3.9,270,1503,1.1,955,1.7,51,1440,82.1,6.9,1015.1,1022.7,250,1018.3,1435,1020.1,9.7,5.5,1300,1.22,6.51,,,,,,7.5,4,3.5,-4.1,,,,,,,,,,1,1.4,,
119,2020.12.12,2.4,-1.4,2302,6.8,1406,,,,,,,7.6,290,1212,5.2,290,1217,1.8,1594,-5.9,31,1253,56.4,4,1015,1021,1151,1018.7,2223,1019.9,9.6,8.5,1200,1.7,9.68,,,,,,2.4,0.9,2,-6.9,,,,,,,,,,1.4,2.1,1.5,
119,2020.12.13,-0.9,-5.3,2349,2.2,1304,6.6,,,,,2.4,11.1,340,1354,5.6,340,1358,2.7,2317,-4.6,54,2154,76.6,4.5,1014.4,1026.2,2341,1014.2,1256,1019.4,9.6,0.9,1500,0.6,2.22,2.4,850,2.4,850,2.4,5.4,4.6,0.3,-6.8,,,,,,,,,,0.6,0.9,0.9,
119,2020.12.14,-6.7,-8.7,728,-4.3,1257,,,,,,,10.8,290,1432,6.8,290,1437,3.7,3195,-15.6,30,1310,50.3,1.9,1024.5,1031.8,1001,1026,1,1029.7,9.6,9,1200,1.9,10.93,,,,,,0.6,0,-3.1,-10.5,,,,,,,,,,1.2,1.8,,
119,2020.12.15,-6.9,-9.7,733,-3.6,1425,,,,,,,9.7,340,250,5.7,340,206,3.2,2783,-17.1,30,1109,44.6,1.6,1026.6,1033.9,959,1030.3,1506,1031.8,9.6,9,1200,1.89,10.86,,,,,,0,0,-3.9,-12.3,,,,,,,,,,1.1,1.6,,
119,2020.12.16,-7,-9.9,725,-3.1,1552,,,,,,,9.7,290,957,5.5,320,1003,2.6,2224,-17.5,28,1312,43.6,1.5,1026.7,1033.1,945,1031,1420,1032,9.6,9,1200,1.9,10.94,,,,,,0,0,-4.1,-13.7,,,,,,,,,,1.1,1.5,,
119,2020.12.17,-5.3,-11.5,524,0.7,1537,0.83,,,,,0,6.3,250,1505,3.1,270,1513,1.1,916,-13.2,27,1539,56,2.3,1026,1033.1,36,1028.8,2351,1031.2,9.6,9,1200,1.79,10.42,,,,,,1.3,1.3,-3.4,-15.9,,,,,,,,,,1,1.5,1.1,
119,2020.12.18,-1.5,-6,2350,2.4,1358,7.75,,,,,1.1,8.6,290,1416,5.1,290,1535,2.3,1950,-7.5,42,1535,65.8,3.6,1023.8,1032.1,2345,1026.9,529,1028.9,9.6,6.7,1300,1.63,8.41,0.8,635,0.8,635,0.8,4.3,3.6,-0.9,-8.9,,,,,,,,,,1.2,1.7,,
119,2020.12.19,-4.6,-9,741,-1,1312,,,,,,,9.4,290,1353,5.2,320,1212,1.8,1597,-14.4,26,1213,47.4,2.1,1028.6,1036,1043,1031.9,4,1033.8,9.6,9,1200,1.9,10.83,,,,,,2.1,2.1,-2.9,-15.1,,,,,,,,,,1.1,1.6,,
119,2020.12.20,-3.9,-9.8,704,1.6,1448,,,,,,,8.4,290,1541,5,290,1458,1.5,1283,-11.2,33,1237,59,2.7,1027.8,1034.5,326,1031.3,1436,1033,9.6,9,1200,1.82,10.33,,,,,,0.4,0.4,-2.5,-14.3,,,,,,,,,,1.1,1.6,,
119,2020.12.21,-1.6,-7.3,327,4.1,1239,,,,,,,5.5,230,1355,3.1,230,1404,0.9,740,-6.1,48,1239,73.1,3.9,1024.6,1031.9,2,1028.4,1610,1029.7,9.6,6.9,1200,1.67,8.18,,,,,,3.1,2.9,-1.9,-11.4,,,,,,,,,,0.8,1.2,0.7,
119,2020.12.22,1.6,-3.5,23,6.5,1505,2.67,,,,,0.7,6.6,290,1441,4,290,1408,1.3,1121,-2.4,51,1503,75.9,5.1,1021.5,1028.8,1,1025,1506,1026.5,9.6,6.8,1100,1.5,7.11,0.6,625,0.6,625,0.6,4.4,4.4,-0.2,-6.8,,,,,,,,,,0.9,1.2,,
119,2020.12.23,3.6,-3,534,9.2,1340,,,,,,,7.1,200,1409,4.3,230,1416,1.4,1218,1.1,65,1335,84.1,6.7,1017.6,1026.9,14,1018.9,2348,1022.6,9.6,2.7,1100,1.2,5.64,,,,,,7.1,4.5,0.3,-7.1,,,,,,,,,,0.8,1.1,0.2,
119,2020.12.24,2.5,-1.5,2351,6.5,1238,0.72,,,,,0.2,12.1,290,1457,7,290,1343,2.5,2181,-2.7,45,1207,70.9,5.2,1014.1,1021.5,2347,1017.3,452,1019.1,9.6,8.5,1300,1.8,9.39,,,,,,2.5,2.3,0.7,-6.2,,,,,,,,,,1.3,1.9,,
119,2020.12.25,-1,-5.5,432,3.8,1506,,,,,,,10.2,290,1416,6,290,1419,1.6,1389,-7.3,38,1104,63.8,3.5,1019.1,1025.5,1038,1021.1,55,1024.2,9.6,9,1200,1.86,10.37,,,,,,0.1,0.1,-1,-11,,,,,,,,,,1.3,1.8,0,
119,2020.12.26,1.6,-2.9,3,8.5,1446,0.22,,,,,0,7,290,1511,4.3,290,1505,1.4,1219,-2.7,47,1437,74,5,1019.8,1026.8,940,1023.2,1441,1024.8,9.6,7.7,1200,1.57,8.17,,,,,,3.5,2.1,0,-6.5,,,,,,,,,,1,1.5,0,
119,2020.12.27,4.7,-0.1,126,9.1,1305,0.33,,,,,0,5.6,140,1254,3.5,140,1241,1.2,996,0.1,54,1320,73.1,6.1,1017,1024.3,254,1019.4,1526,1022,9.6,5.4,1200,1.5,7.37,,,,,,7.3,4,1.5,-5.8,,,,,,,,,,1,1.4,0,
119,2020.12.28,5.3,1.4,2353,11.4,1527,0.5,,,,,0,4.5,290,1651,2.9,270,1653,1.1,975,2.1,48,1623,81.3,7.1,1018.6,1025.3,1054,1021.9,1,1023.5,9.6,7.8,1200,1.58,8.62,,,,,,4.4,1.8,3.8,-4.2,,,,,,,,,,1,1.5,,
119,2020.12.29,-0.3,-5.4,2359,4.2,1110,5.05,,,,,0.2,9.6,320,1407,5.2,320,1410,2.5,2130,-3.2,53,2145,82.3,5,1017,1024.6,326,1020.6,2136,1022.1,9.6,0,1000,0.65,2.35,,,,,,8.8,6.8,0.7,-5.8,,,,,,,,,,0.7,1,0.2,7.28
119,2020.12.30,-10,-12.5,2334,-5.4,1,,,,,,,12.6,290,846,6.5,320,954,4.6,3941,-17.1,44,1147,56.8,1.6,1018.7,1027.7,2321,1021.2,10,1024,9.6,9,1200,1.91,11.02,,,,,,0.3,0.3,-3.8,-14.6,,,,,,,,,,0.9,1.2,,
119,2020.12.31,-8.7,-12.6,556,-4.4,1350,3,,,,,0,6.2,340,724,3.8,250,1428,1.7,1487,-14.1,45,1205,65.8,2.1,1021.8,1028.5,329,1024.8,1353,1027,9.6,5.5,1200,1.72,8.47,,,,,,1.9,1.4,-4.7,-15.7,,,,,,,,,,0.6,0.9,0,